tracking_id,order_date,delivery_date,carrier,origin_warehouse,destination_city,weight_kg,distance_km,status,vehicle_type,shipping_cost_eur,customer_name,phone,lat,lon
FR-221958,2025-07-20,2025-07-28,Kuehne+Nagel,Marseille Port Depot,Nantes,23.2,407.1,Livré,fourgonnette,9.13,46b06486d10dd744,588473ce6d202014,47.18936,-1.57986
FR-284779,2025-07-26,2025-08-04,DB Schenker,Paris-CDG Hub,Bordeaux,4943.1,65.3,Livré,train,268.09,4539984fb9bfe688,4eabd5b74c30f3a7,44.80777,-0.59378
FR-778843,2025-07-07,2025-07-10,GLS,Paris-CDG Hub,Toulouse,2837.8,628.9,Livré,train,277.91,6a5796584ab1ac8a,122c1a549c2061a4,43.61333,1.46041
FR-664685,2025-07-23,2025-07-31,Kuehne+Nagel,Paris-CDG Hub,Nice,4854.1,732.4,Livré,gros_camion,507.9,420ccf90b5c7ed29,dd79cf2b389a691d,43.73931,7.30639
FR-229312,2025-07-27,,Unknown,Bordeaux Logistics Park,Besançon,517.5,403.8,En attente,petit_camion,95.26,e99e31c1b5468d2d,c051c071a9385f6e,47.18591,6.02031
FR-284064,2025-07-05,2025-07-12,UPS,Paris-CDG Hub,Paris,285.8,615.2,Livré,petit_camion,129.07,176085ab92f665ad,2af474ea82272fca,48.86339,2.3826
FR-515515,2025-07-02,2025-07-11,Kuehne+Nagel,Marseille Port Depot,Strasbourg,1899.3,1072.1,Retardé,train,294.8,c8796666bc9acaab,5a20f34318708010,48.63709,7.7375
FR-599046,2025-07-06,2025-07-11,DHL,Paris-CDG Hub,Lille,16.5,627.4,Livré,fourgonnette,16.89,1e3f6890d2ddffa6,4f2506cf47dda536,50.53326,3.05597
FR-193264,2025-07-27,,XPO Logistics,Marseille Port Depot,Lille,525.8,820.0,En attente,petit_camion,142.35,75a44226210eb23d,8b9d62ca04576682,50.56311,3.02389
FR-468452,2025-07-20,,Chronopost,Paris-CDG Hub,Marseille,9.7,58.5,En transit,fourgonnette,11.73,b1a521ada32f8bf9,9b850c7bb524d77a,43.32332,5.32407
FR-987121,2025-07-08,,Unknown,Bordeaux Logistics Park,Toulouse,1883.4,795.4,En transit,gros_camion,429.18,dc995e4ea96bebf0,6c285d4b9342b37e,43.60784,1.46928
FR-798376,2025-07-09,2025-07-12,Kuehne+Nagel,Bordeaux Logistics Park,Nantes,531.5,110.1,Retardé,petit_camion,89.46,c0fdb3ce997f47fa,8b2ae0d89fda72f6,47.22714,-1.61444
FR-554351,2025-07-29,2025-08-02,DHL,Lyon Distribution Center,Marseille,33.1,686.3,Livré,fourgonnette,10.2,46b06486d10dd744,96a02af1c81b4530,43.31033,5.41116
FR-940477,2025-07-01,,DHL,Lyon Distribution Center,Toulouse,28.8,924.6,En transit,fourgonnette,10.05,50b6dd7a25a72160,bff9fb5df9248d04,43.62152,1.44673
FR-241564,2025-07-21,2025-07-24,DB Schenker,Bordeaux Logistics Park,Nantes,4706.1,93.8,Retourné,gros_camion,375.98,076d9a82acb00f0c,6e756e7fd83cfcbe,47.24089,-1.46465
FR-542905,2025-07-03,2025-07-16,Unknown,Marseille Port Depot,Strasbourg,49.4,94.4,Retourné,avion,198.09,fb9a24e0a82c372f,c9f5ec34ed701dec,48.51339,7.81217
FR-750429,2025-07-29,,XPO Logistics,Paris-CDG Hub,Paris,6.8,631.5,En transit,fourgonnette,17.16,6dcb5f2757af7881,78fc37d9efd6cba7,48.85124,2.32789
FR-727769,2025-07-23,2025-07-28,XPO Logistics,Bordeaux Logistics Park,Tours,180.0,196.2,Livré,petit_camion,66.61,a411faa4604af305,b1746b7d3016080a,47.50021,0.73642
FR-840427,2025-07-26,2025-08-01,Unknown,Lyon Distribution Center,Lyon,,30.4,Livré,train,215.87,6dcb5f2757af7881,2fb6b98ebec62423,45.74778,4.86193
FR-472370,2025-07-26,2025-07-31,Chronopost,Lyon Distribution Center,Rennes,911.3,707.1,Retourné,gros_camion,379.64,4761f7fa3a69433b,9860c0f0b40fa36a,48.15164,-1.67425
FR-138304,2025-07-08,2025-07-21,Chronopost,Paris-CDG Hub,Paris,3668.6,94.7,Livré,gros_camion,344.2,ba12f74cff0e9464,72c850ffc14bd382,48.9042,2.42483
FR-992323,2025-07-25,,DHL,Lyon Distribution Center,Le Mans,49.5,501.0,En attente,fourgonnette,14.0,e99e31c1b5468d2d,73e1cece1ad04865,48.08374,0.17762
FR-514568,2025-07-30,2025-08-03,GLS,Bordeaux Logistics Park,Lille,5.4,73.6,Livré,fourgonnette,15.4,a7343d238975093d,f749f28a70e02d68,50.72482,3.11056
FR-727083,2025-07-25,,DHL,Lyon Distribution Center,Saint-Étienne,135.1,1117.8,En transit,petit_camion,139.75,2e77fde05867cb62,36c56824ade543ab,45.4442,4.39134
FR-383821,2025-07-13,2025-07-15,Unknown,Paris-CDG Hub,Lyon,59.1,701.8,Livré,avion,357.89,80c6e1b004c4d98c,454d34b50b7bf34b,45.73079,4.90371
FR-303196,2025-07-12,2025-07-22,Unknown,Paris-CDG Hub,Lyon,13.1,492.2,Retardé,fourgonnette,14.17,232c9d11c882ea2c,6445f5d41ca88ca8,45.78863,4.84014
FR-390160,2025-07-25,2025-07-30,FedEx,Lyon Distribution Center,Paris,248.2,97.8,Livré,avion,348.23,5544f6afe2c2fa55,f234519d8661974a,48.81174,2.42849
FR-965291,2025-07-10,2025-07-16,Chronopost,Bordeaux Logistics Park,Rennes,1590.1,561.8,Livré,gros_camion,318.87,f057aa1333d44acb,ad2fad46234c8024,48.02166,-1.65968
FR-790907,2025-07-16,2025-07-19,FedEx,Paris-CDG Hub,Nantes,153.7,507.7,Livré,avion,416.44,f057aa1333d44acb,97ffe28bedd6100e,47.28702,-1.58749
FR-369114,2025-07-27,2025-07-29,UPS,Paris-CDG Hub,Marseille,15.0,1039.0,Retardé,avion,350.91,50b6dd7a25a72160,4e111419dfb6f6eb,43.28085,5.28984
FR-931538,2025-07-13,2025-07-14,DB Schenker,Bordeaux Logistics Park,Rennes,2515.0,36.4,Livré,train,203.76,d0443b3d89fde63f,56fbd5a6588e37ab,48.22034,-1.59003
FR-798168,2025-07-17,2025-07-24,GLS,Lyon Distribution Center,Rennes,4181.2,1084.7,Livré,gros_camion,584.51,b3ede2357f536e0a,332e6aa894647306,48.1616,-1.68465
FR-415557,2025-07-01,,XPO Logistics,Paris-CDG Hub,Tours,37.6,1112.6,En attente,avion,305.62,232c9d11c882ea2c,fb62937e1b3ca183,47.3367,0.65469
FR-145002,2025-07-19,2025-07-26,GLS,Marseille Port Depot,Tours,1864.1,421.3,Livré,train,274.77,94f32f590e70c04a,49be847ee78cf141,47.36759,0.64516
FR-575774,2025-07-24,2025-08-05,XPO Logistics,Bordeaux Logistics Park,Dijon,954.1,310.4,Livré,gros_camion,299.77,ba4df4a50d5ef322,2ddfc5d4dd995574,47.28345,5.07031
FR-674736,2025-07-07,2025-07-19,Unknown,Paris-CDG Hub,Bordeaux,559.3,949.1,Livré,petit_camion,150.66,2bfcfe607c0a5f31,61870a67e4ef3ceb,44.76165,-0.63599
FR-672735,2025-07-02,2025-07-15,FedEx,Lyon Distribution Center,Bayonne,26.3,191.9,Livré,avion,167.32,232c9d11c882ea2c,e12eff86d960265e,43.50682,-1.47781
FR-746465,2025-07-20,,GLS,Marseille Port Depot,Ajaccio,41.1,865.0,En attente,fourgonnette,17.77,ddd94bb935d6fc90,6eea540f1e0bad92,41.95123,8.69786
FR-954016,2025-07-26,2025-07-31,Chronopost,Lyon Distribution Center,Lille,3.1,410.6,Livré,fourgonnette,7.83,6b16b395ec3a9551,49f20bb5359eca31,50.5991,3.09531
FR-872042,2025-07-15,,DHL,Paris-CDG Hub,Orléans,7737.7,157.9,En transit,train,353.72,144818883fd1fd2e,12633523eb420811,47.93187,1.93416
FR-451005,2025-07-03,2025-07-06,GLS,Lyon Distribution Center,Lille,2448.3,981.8,Livré,gros_camion,435.11,46b06486d10dd744,3ddbea5fb32ef15d,50.56867,2.97663
FR-192263,2025-07-19,2025-07-25,DHL,Marseille Port Depot,Angers,1384.9,954.9,Livré,gros_camion,395.07,57305694cae2b1d0,491f549634f16618,47.51981,-0.51271
FR-364480,2025-07-30,,UPS,Lyon Distribution Center,Caen,127.2,648.4,En transit,petit_camion,82.4,0915a7642195cf8a,4d12aa32649427eb,49.16153,-0.39833
FR-382753,2025-07-27,,DHL,Lyon Distribution Center,Dijon,17.6,226.1,En transit,fourgonnette,16.66,d0443b3d89fde63f,bdde30d7b195c2f6,47.3601,5.05213
FR-996209,2025-07-25,2025-08-06,Chronopost,Lyon Distribution Center,Pau,230.7,851.6,Livré,avion,372.56,3275c62b4a30ee93,fecd019f182d030b,43.27864,-0.39431
FR-278595,2025-07-22,,XPO Logistics,Marseille Port Depot,Toulouse,95.4,895.7,En attente,avion,272.31,588860b1c06a5a7a,5def749e085dba58,43.65729,1.43183
FR-632358,2025-07-18,2025-07-19,Chronopost,Paris-CDG Hub,Toulouse,423.8,508.5,Retardé,petit_camion,138.06,b5d62e25e9a7adb6,60aec8b1107ddf00,43.59126,1.38887
FR-306524,2025-07-08,2025-07-21,XPO Logistics,Paris-CDG Hub,Toulouse,17.8,567.2,Livré,fourgonnette,15.58,64be089ea6398de1,07eac9fb0e4dbbf0,43.72619,1.54169
FR-897917,2025-07-06,2025-07-07,UPS,Marseille Port Depot,Calais,,776.4,Livré,gros_camion,372.53,176085ab92f665ad,890623e3129c488c,50.98738,1.80225
FR-549589,2025-07-25,,Kuehne+Nagel,Paris-CDG Hub,Nice,,1186.6,En transit,gros_camion,601.65,bebe00cf88981ebb,3c2c3050dc837886,43.73986,7.24652
FR-354726,2025-07-01,2025-07-14,Kuehne+Nagel,Lyon Distribution Center,Rennes,4549.2,982.8,Retardé,gros_camion,546.08,0a09e9b5dbb0d8ab,ed99fbbccb0cee55,48.05328,-1.59006
FR-492417,2025-07-21,2025-07-31,XPO Logistics,Bordeaux Logistics Park,Lyon,44.8,961.8,Livré,fourgonnette,17.02,577bd3cc79f49864,93068dcc2c4e5154,45.69659,4.87286
FR-413837,2025-07-04,2025-07-17,DHL,Marseille Port Depot,Rouen,3024.6,979.9,Livré,gros_camion,477.97,abb3d464b81216db,3f2ea5028388c3d7,49.39826,1.05442
FR-851883,2025-07-13,2025-07-23,Chronopost,Paris-CDG Hub,Nantes,6281.8,512.2,Livré,train,327.87,ccd16f4072984dcc,06efa89f40facf00,47.25962,-1.55983
FR-328071,2025-07-03,2025-07-11,XPO Logistics,Marseille Port Depot,Angers,252.4,652.4,Livré,petit_camion,82.86,ae8ce543547ae3d4,2da5ca94e0b17d41,47.47665,-0.47466
FR-155337,2025-07-25,2025-07-27,FedEx,Paris-CDG Hub,Lille,1233.0,384.4,Livré,gros_camion,333.89,1e3f6890d2ddffa6,bc4af02857df1ab5,50.66378,3.12161
FR-692245,2025-07-16,,DB Schenker,Bordeaux Logistics Park,Rennes,49.4,1133.4,En attente,fourgonnette,12.32,c8796666bc9acaab,249fde20cb118fa3,48.01968,-1.69177
FR-386214,2025-07-09,,DB Schenker,Marseille Port Depot,Toulon,6834.1,389.7,En attente,train,381.84,737b27ae09a06d30,9236debf2afc923e,42.99773,5.99291
FR-796358,2025-07-15,2025-07-28,XPO Logistics,Bordeaux Logistics Park,Angers,714.5,742.9,Livré,petit_camion,140.77,97c134953eabb671,5db8f437e3e68928,47.51407,-0.56085
FR-664262,2025-07-14,2025-07-15,Kuehne+Nagel,Bordeaux Logistics Park,Nice,7880.6,924.2,Livré,train,437.74,b8ed8df564cec2ef,4cddfe635d93511a,43.61713,7.24701
FR-999005,2025-07-05,2025-07-10,GLS,Bordeaux Logistics Park,Lyon,559.7,269.7,Livré,petit_camion,139.05,50b6dd7a25a72160,b7cda8b6568b666a,45.80558,4.84608
FR-910694,2025-07-20,2025-07-24,XPO Logistics,Lyon Distribution Center,Brest,997.2,467.1,Livré,gros_camion,238.77,ddd94bb935d6fc90,3f7d3b8e4b25d9f5,48.37173,-4.54478
FR-474999,2025-07-03,2025-07-16,Unknown,Bordeaux Logistics Park,Rennes,23.8,1054.2,Livré,avion,235.36,6e21cb30cd3271a9,655295ab6ccab106,48.14264,-1.68784
FR-884108,2025-07-01,2025-07-09,DHL,Bordeaux Logistics Park,Bordeaux,174.7,819.4,Livré,avion,419.54,076d9a82acb00f0c,2159b87d1edda2c5,44.82944,-0.57186
FR-529725,2025-07-07,2025-07-09,GLS,Marseille Port Depot,Marseille,154.6,1177.6,Livré,avion,456.83,309f7e2638c05965,59e48692a33651c8,43.29418,5.3533
FR-363579,2025-07-28,,XPO Logistics,Lyon Distribution Center,Marseille,,368.1,En attente,train,226.15,ccd16f4072984dcc,d824804bc2398646,43.31486,5.34351
FR-748074,2025-07-01,2025-07-04,Chronopost,Marseille Port Depot,Nantes,4987.9,517.2,Livré,gros_camion,496.71,176085ab92f665ad,8bd8c3650c882972,47.23059,-1.5818
FR-384186,2025-07-03,,Unknown,Lyon Distribution Center,Limoges,160.0,483.1,En attente,avion,294.41,577bd3cc79f49864,e403107ac76ef345,45.77102,1.33329
FR-380783,2025-07-27,2025-08-05,DB Schenker,Lyon Distribution Center,Marseille,42.3,915.6,Livré,fourgonnette,19.5,dcc4a7b2cb980dd1,479a31a19bd8d7bf,43.37841,5.44485
FR-370856,2025-07-06,2025-07-12,XPO Logistics,Lyon Distribution Center,Lille,49.2,188.0,Livré,fourgonnette,13.24,b3ede2357f536e0a,c35ad868fda578fc,50.64781,3.08124
FR-264053,2025-07-19,2025-07-31,Unknown,Marseille Port Depot,Rennes,3095.1,933.2,Livré,train,375.49,4f34261f7c38ba0c,7dc33ca9011db97e,48.09374,-1.62404
FR-836421,2025-07-07,,DB Schenker,Paris-CDG Hub,Paris,1284.3,767.4,En transit,train,271.67,a411faa4604af305,1c16486d273e5e78,48.89151,2.37187
FR-506845,2025-07-15,2025-07-26,Kuehne+Nagel,Lyon Distribution Center,Rennes,2819.8,58.5,Livré,gros_camion,287.36,b3ede2357f536e0a,dec29bef98ecb2cc,48.23573,-1.699
FR-694604,2025-07-08,2025-07-15,Kuehne+Nagel,Paris-CDG Hub,Paris,11.8,1195.6,Retardé,fourgonnette,24.51,2210da77fef00168,2af0770801c14fb8,48.88071,2.33121
FR-474484,2025-07-26,2025-07-31,DHL,Lyon Distribution Center,Strasbourg,4441.5,698.6,Retardé,gros_camion,501.29,bcda6b0629bed55e,a1648a13510c70f9,48.49175,7.72346
FR-142229,2025-07-29,2025-07-31,UPS,Lyon Distribution Center,Angers,38.9,492.3,Livré,fourgonnette,16.15,0a09e9b5dbb0d8ab,4786433c209bef76,47.50558,-0.58173
FR-825495,2025-07-07,,FedEx,Marseille Port Depot,Montpellier,777.1,317.2,En transit,petit_camion,146.82,737b27ae09a06d30,681f652665fe1032,43.57245,3.83869
FR-657685,2025-07-14,2025-07-24,Chronopost,Bordeaux Logistics Park,Nantes,4909.1,1138.8,Livré,train,350.66,80c6e1b004c4d98c,0f03d36a22fa8e2b,47.27913,-1.55808
FR-741179,2025-07-15,,Kuehne+Nagel,Paris-CDG Hub,Colmar,448.4,1124.6,En transit,petit_camion,113.49,97c134953eabb671,fda00d4d6927a950,48.04996,7.35626
FR-348500,2025-07-18,,DHL,Bordeaux Logistics Park,Rennes,485.1,312.5,En transit,petit_camion,112.49,6dd72298f13e566b,857ab4966cc66542,48.07038,-1.64559
FR-416205,2025-07-04,,GLS,Lyon Distribution Center,Grenoble,129.9,792.8,En transit,petit_camion,126.19,a411faa4604af305,edd7a2bab6ce5aa7,45.17177,5.73481
FR-519139,2025-07-02,2025-07-06,FedEx,Paris-CDG Hub,Aix-en-Provence,4487.1,387.5,Retardé,gros_camion,497.05,737b27ae09a06d30,62950710334858a4,43.47489,5.3754
FR-764468,2025-07-19,2025-07-20,DB Schenker,Paris-CDG Hub,Nantes,,210.4,Livré,gros_camion,381.17,2e49ed8efc869923,6094cc8bf0150fcb,47.09343,-1.43905
FR-887609,2025-07-25,2025-07-30,GLS,Lyon Distribution Center,Rennes,3805.1,630.3,Livré,gros_camion,505.6,ac1dabffaec6f025,7f7e167071e24c3d,48.05643,-1.7019
FR-540097,2025-07-14,,Kuehne+Nagel,Lyon Distribution Center,Grenoble,201.0,651.6,En transit,avion,354.38,d21c62bed959dcf6,9e9a70455792a234,45.19307,5.79022
FR-275211,2025-07-10,2025-07-17,Unknown,Paris-CDG Hub,Nice,4654.6,515.2,Livré,gros_camion,433.73,ccd16f4072984dcc,9ad42613007024d4,43.77051,7.2812
FR-325160,2025-07-26,,Unknown,Bordeaux Logistics Park,Metz,227.7,938.8,En transit,petit_camion,96.37,213616dfc61bfad5,355000829d5056a3,49.13127,6.1366
FR-884625,2025-07-05,2025-07-17,DHL,Paris-CDG Hub,Toulouse,183.8,381.6,Livré,petit_camion,71.53,6b16b395ec3a9551,5e75d68b3c985e06,43.62042,1.4441
FR-216492,2025-07-17,2025-07-22,Chronopost,Lyon Distribution Center,Lille,3656.6,284.7,Livré,gros_camion,390.63,d0443b3d89fde63f,0af2667dc8f90230,50.53164,3.02585
FR-719961,2025-07-04,2025-07-13,XPO Logistics,Bordeaux Logistics Park,Brest,3106.8,801.2,Livré,train,338.5,97c134953eabb671,078ba38196011c7f,48.50637,-4.46643
FR-716166,2025-07-01,2025-07-07,Kuehne+Nagel,Paris-CDG Hub,Paris,2773.5,323.1,Retardé,train,222.42,bcda6b0629bed55e,64c9db550ae3da06,48.80143,2.24456
FR-333782,2025-07-06,2025-07-12,FedEx,Lyon Distribution Center,Toulouse,137.3,982.8,Retardé,petit_camion,94.13,77a37e0c1eabf2ac,02d1127676cd1235,43.5713,1.4938
FR-736308,2025-07-03,2025-07-06,DB Schenker,Lyon Distribution Center,Nice,4254.4,167.7,Livré,gros_camion,440.45,ae8ce543547ae3d4,b983ec7a59e703ac,43.67022,7.27958
FR-117347,2025-07-25,,Chronopost,Lyon Distribution Center,Nantes,6885.9,10.4,En attente,train,240.73,de6c9169a9ba75a9,c0ff94b41612278b,47.19027,-1.58368
FR-543057,2025-07-29,,UPS,Marseille Port Depot,Toulouse,4.2,941.4,En transit,fourgonnette,11.57,98c6fa9a1549ec58,20f729f85d2320d4,43.56806,1.40912
FR-985155,2025-07-28,2025-08-02,Kuehne+Nagel,Paris-CDG Hub,Bordeaux,4112.3,220.5,Livré,train,245.31,6dcb5f2757af7881,68d25b1576b2c1da,44.92526,-0.5395
FR-322084,2025-07-01,2025-07-03,Chronopost,Lyon Distribution Center,Toulouse,239.9,590.5,Livré,avion,337.28,9f825829469aca3d,670e95ee17e66452,43.66311,1.40105
FR-769416,2025-07-29,2025-08-08,Kuehne+Nagel,Paris-CDG Hub,Troyes,544.0,1132.0,Retourné,petit_camion,179.96,1f5f2617ee232079,f23e781d4077d74c,48.36793,4.13512
FR-937831,2025-07-17,2025-07-24,Unknown,Paris-CDG Hub,Lyon,4341.7,819.5,Retourné,train,269.26,184fcccb030ef7f7,498015979e2e44b3,45.6423,4.84499
FR-672643,2025-07-11,2025-07-18,Kuehne+Nagel,Paris-CDG Hub,Marseille,137.9,998.3,Retardé,avion,289.41,75a44226210eb23d,0dc1a0372b35927a,43.23387,5.34468
FR-197661,2025-07-04,2025-07-13,Unknown,Marseille Port Depot,Paris,2153.3,159.0,Livré,gros_camion,306.11,b3ede2357f536e0a,0637f86a67c5fc4f,48.88351,2.40583
FR-670126,2025-07-17,,UPS,Bordeaux Logistics Park,Bordeaux,3414.9,204.8,En transit,train,215.71,a9bc7e3c6079a06c,31ce9444814b7aeb,44.77718,-0.52243
FR-661931,2025-07-09,2025-07-22,Kuehne+Nagel,Bordeaux Logistics Park,Le Mans,903.9,390.9,Livré,train,231.2,d1d9c071e6672d29,fe8722e2eec670ab,48.02608,0.16703
FR-668926,2025-07-15,2025-07-27,Chronopost,Marseille Port Depot,Nice,186.1,738.2,Livré,avion,311.54,176085ab92f665ad,dfaf1384a7bd33a7,43.74003,7.30048
FR-400931,2025-07-08,2025-07-18,DHL,Bordeaux Logistics Park,Nice,9.8,432.9,Livré,fourgonnette,16.21,bebe00cf88981ebb,dfc9dc79b7a69f53,43.67096,7.29441
FR-189464,2025-07-20,2025-07-27,FedEx,Bordeaux Logistics Park,Strasbourg,2346.9,543.8,Retardé,gros_camion,402.03,cca89aaad52adbdd,a826620590dab81e,48.49712,7.81523
FR-389910,2025-07-07,2025-07-10,Unknown,Lyon Distribution Center,Nice,4705.0,728.2,Livré,train,357.05,5bb1ecc8ac6edde3,5d2524a06b0e652e,43.66929,7.26183
FR-142092,2025-07-12,,Kuehne+Nagel,Lyon Distribution Center,Strasbourg,37.7,400.5,En attente,avion,225.31,60d3bd00a0e40db3,6d2582341931946d,48.59618,7.69801
FR-228046,2025-07-27,2025-08-08,Chronopost,Marseille Port Depot,Nice,46.9,441.1,Livré,avion,217.64,b5d62e25e9a7adb6,0cb1c39379cc2e78,43.6869,7.18226
FR-687100,2025-07-05,2025-07-15,FedEx,Lyon Distribution Center,Marseille,873.8,1085.7,Retardé,train,321.55,2a457c97836df9d7,84987ea4118629c6,43.24658,5.38489
FR-686712,2025-07-04,2025-07-16,UPS,Marseille Port Depot,Lille,14.1,946.7,Livré,fourgonnette,22.77,867749e4b7692143,77ddf9993e324e16,50.6379,3.04884
FR-402929,2025-07-26,2025-07-30,DB Schenker,Paris-CDG Hub,Le Havre,3876.3,662.5,Livré,gros_camion,423.14,ac1dabffaec6f025,eeccc0a09a276b9b,49.51482,0.10767
FR-349430,2025-07-26,,Kuehne+Nagel,Paris-CDG Hub,Annecy,3121.3,145.8,En transit,train,190.49,286f327fca2fc8f0,2cb5467db495a9c3,45.9498,6.01519
FR-145232,2025-07-17,2025-07-23,DHL,Paris-CDG Hub,Nantes,236.5,1021.5,Livré,avion,517.06,5bb1ecc8ac6edde3,468fe70d97599b87,47.20329,-1.54242
FR-248066,2025-07-19,2025-07-26,Kuehne+Nagel,Lyon Distribution Center,Nice,6175.6,628.1,Livré,train,320.63,50b6dd7a25a72160,a3c81d8dbd9593b6,43.72856,7.3414
FR-777623,2025-07-30,,DHL,Lyon Distribution Center,Toulon,3887.7,482.9,En attente,train,232.27,b5eaeda6f050b47c,baa445c7c44b946b,43.17016,5.89459
FR-361716,2025-07-08,,GLS,Bordeaux Logistics Park,Nice,5719.2,954.0,En transit,train,363.43,b6a35244625ccc34,25d89d322a78bcba,43.70549,7.24589
FR-379215,2025-07-11,2025-07-17,GLS,Marseille Port Depot,Orléans,,611.2,Livré,petit_camion,170.69,ac1dabffaec6f025,8910ae026e1fd3c4,47.84345,1.89654
FR-896184,2025-07-03,2025-07-07,DHL,Lyon Distribution Center,Annecy,6936.3,984.7,Livré,train,436.97,a7343d238975093d,7efa621c24217294,45.89464,6.0174
FR-112763,2025-07-30,2025-08-11,Unknown,Paris-CDG Hub,Toulouse,7290.2,890.2,Livré,train,382.85,184fcccb030ef7f7,6046ce8f35ee31cd,43.62617,1.46332
FR-571328,2025-07-20,,DHL,Paris-CDG Hub,Rouen,5612.5,208.9,En transit,train,306.79,737b27ae09a06d30,b5572394cb7f9666,49.4264,1.12154
FR-727220,2025-07-03,2025-07-07,GLS,Lyon Distribution Center,Caen,641.3,801.3,Livré,petit_camion,137.29,b5d62e25e9a7adb6,254d697827629dc0,49.15429,-0.43675
FR-802098,2025-07-30,2025-08-03,DB Schenker,Bordeaux Logistics Park,Nantes,4858.2,161.7,Livré,gros_camion,448.66,b6a35244625ccc34,bcac5dfc9bd69631,47.17163,-1.4993
FR-216219,2025-07-19,2025-07-27,FedEx,Lyon Distribution Center,Nice,231.4,24.8,Livré,petit_camion,75.53,588860b1c06a5a7a,697523857c824f30,43.69234,7.30172
FR-163095,2025-07-23,2025-07-24,GLS,Paris-CDG Hub,Lille,3208.1,794.0,Livré,gros_camion,424.07,b5eaeda6f050b47c,862b443cb1ca4bc4,50.57318,3.0518
FR-227795,2025-07-29,,Kuehne+Nagel,Marseille Port Depot,Rennes,160.3,814.9,En transit,avion,303.92,2bfcfe607c0a5f31,64ca07e68c75c3d7,48.0725,-1.72434
FR-949256,2025-07-01,,FedEx,Marseille Port Depot,Toulouse,79.8,728.8,En transit,petit_camion,112.18,2210da77fef00168,4b4621d3bb35c9da,43.52946,1.4822
FR-711004,2025-07-06,2025-07-14,Chronopost,Lyon Distribution Center,Lyon,2744.0,531.9,Livré,gros_camion,356.51,75a44226210eb23d,34f5c715f5403bb4,45.71969,4.84913
FR-476742,2025-07-23,2025-08-03,GLS,Paris-CDG Hub,Nantes,,512.0,Livré,avion,277.79,4dc658302b612f5c,bcd49aaeb0ed428a,47.25279,-1.53262
FR-283965,2025-07-13,2025-07-17,DB Schenker,Paris-CDG Hub,Lyon,392.2,449.2,Livré,petit_camion,87.95,0915a7642195cf8a,fd03d43da454795d,45.8531,4.78244
FR-527826,2025-07-11,2025-07-13,Kuehne+Nagel,Marseille Port Depot,Lyon,1788.9,769.1,Livré,train,290.58,b4b018a4be786430,0d07a32b559ceb00,45.77985,4.93075
FR-803798,2025-07-13,2025-07-18,DB Schenker,Bordeaux Logistics Park,Angers,100.5,471.0,Livré,petit_camion,100.54,b1a521ada32f8bf9,495d719a90eab3f1,47.54802,-0.5757
FR-402523,2025-07-18,2025-07-29,Chronopost,Paris-CDG Hub,Lyon,133.2,1011.7,Livré,avion,401.99,ccd16f4072984dcc,2cda219f4d7f04fc,45.70826,4.84058
FR-906970,2025-07-15,2025-07-28,GLS,Marseille Port Depot,Nice,120.0,643.4,Livré,avion,260.71,6dcb5f2757af7881,612cb6a2c1789ab5,43.6672,7.28984
FR-706590,2025-07-12,,FedEx,Lyon Distribution Center,Bordeaux,4872.4,1199.7,En attente,train,339.97,60d3bd00a0e40db3,2b126359524d075a,44.93583,-0.52283
FR-607732,2025-07-08,2025-07-13,DHL,Marseille Port Depot,Toulouse,45.5,869.4,Retourné,fourgonnette,18.09,93141cbfc2990e76,a611d1c1552b3a3b,43.63578,1.42572
FR-591024,2025-07-19,2025-07-31,Chronopost,Lyon Distribution Center,Mulhouse,2864.0,631.7,Livré,gros_camion,422.17,2debffb0c60c520e,b3adc7d494551b2c,47.64082,7.25028
FR-521614,2025-07-04,,GLS,Bordeaux Logistics Park,Paris,110.3,1017.9,En attente,avion,452.9,46b06486d10dd744,048657766ef39d46,48.90087,2.39166
FR-236917,2025-07-11,,UPS,Lyon Distribution Center,Bordeaux,2200.3,882.3,En transit,gros_camion,419.19,b6a35244625ccc34,ee5c5de8a7e847af,44.86355,-0.54342
FR-142727,2025-07-08,2025-07-17,DHL,Lyon Distribution Center,Tours,,343.6,Retardé,petit_camion,132.79,b4b018a4be786430,d7366cb084e3edf9,47.48036,0.7184
FR-577266,2025-07-27,2025-08-04,DB Schenker,Marseille Port Depot,Metz,5803.1,69.8,Livré,train,231.15,4761f7fa3a69433b,177e9a7debacfa6e,49.11155,6.21074
FR-987516,2025-07-07,2025-07-08,UPS,Lyon Distribution Center,Paris,18.2,780.9,Retardé,fourgonnette,9.93,45466476afe9982a,10e31f798ccfb952,48.94663,2.41415
FR-100159,2025-07-18,2025-07-22,Kuehne+Nagel,Bordeaux Logistics Park,Lille,1571.6,932.7,Livré,train,232.52,ba4df4a50d5ef322,64c18116a0c54cb3,50.59789,3.05807
FR-913349,2025-07-17,,UPS,Bordeaux Logistics Park,Bordeaux,6056.8,386.4,En transit,train,276.02,6ab1a44406435c4c,250452eede9114fa,44.88073,-0.57163
FR-191218,2025-07-17,2025-07-29,Kuehne+Nagel,Lyon Distribution Center,Lyon,3171.4,1116.9,Livré,gros_camion,563.04,6b16b395ec3a9551,df0ed39a096a5e48,45.75557,4.84567
FR-985258,2025-07-17,2025-07-26,Kuehne+Nagel,Lyon Distribution Center,Saint-Étienne,7996.0,134.7,Retardé,train,330.64,2debffb0c60c520e,06627edb9ebbe692,45.41704,4.45982
FR-126654,2025-07-02,2025-07-08,Chronopost,Marseille Port Depot,Caen,647.2,907.3,Livré,petit_camion,128.49,964fb47ecc48fb44,57ff9538bbd75e2f,49.18981,-0.3877
FR-416480,2025-07-04,2025-07-07,Chronopost,Bordeaux Logistics Park,Brest,3084.0,128.8,Livré,gros_camion,364.2,50b6dd7a25a72160,a402e904b3a07111,48.37897,-4.53582
FR-807173,2025-07-17,,Unknown,Bordeaux Logistics Park,Vannes,3482.4,917.1,En transit,train,313.79,737b27ae09a06d30,496869808d2ee35e,47.64631,-2.79488
FR-523332,2025-07-06,2025-07-11,Unknown,Paris-CDG Hub,Angers,5313.9,689.1,Livré,train,353.73,9f825829469aca3d,16e36ec1e41bd22d,47.5415,-0.55421
FR-652439,2025-07-08,2025-07-12,UPS,Paris-CDG Hub,Clermont-Ferrand,62.4,586.1,Livré,avion,322.69,6b16b395ec3a9551,b11cad76815f5bcf,45.77824,3.09854
FR-811195,2025-07-22,2025-08-01,Chronopost,Marseille Port Depot,Marseille,4358.2,385.0,Livré,gros_camion,419.7,dcc4a7b2cb980dd1,ada6db4e31d05aa3,43.32843,5.35796
FR-175451,2025-07-25,2025-07-27,Unknown,Paris-CDG Hub,La Rochelle,5231.9,542.7,Livré,train,277.24,b3ede2357f536e0a,ffbe887aa52513b8,46.16568,-1.13051
FR-581725,2025-07-18,2025-07-31,DHL,Marseille Port Depot,Nantes,7232.6,812.5,Livré,train,363.31,b3ede2357f536e0a,5b5231f668ad8874,47.24573,-1.55923
FR-629739,2025-07-11,2025-07-14,XPO Logistics,Marseille Port Depot,Toulouse,4920.9,236.2,Livré,gros_camion,476.42,abb3d464b81216db,eadf8e6bf66271d9,43.57263,1.46859
FR-398335,2025-07-04,2025-07-15,FedEx,Paris-CDG Hub,Marseille,4040.8,603.7,Livré,gros_camion,407.27,be6b5843204f29e6,bb39602dd63e69d7,43.26172,5.31559
FR-536679,2025-07-16,2025-07-27,Unknown,Paris-CDG Hub,Perpignan,30.5,353.8,Livré,avion,209.46,5bb1ecc8ac6edde3,fcd601036d1aac64,42.62149,2.81464
FR-468226,2025-07-17,,GLS,Paris-CDG Hub,Saint-Étienne,3397.4,692.9,En transit,train,282.09,4f34261f7c38ba0c,8d5e5b8dc1cda68a,45.44041,4.3395
FR-579336,2025-07-05,,XPO Logistics,Paris-CDG Hub,Rouen,762.8,702.1,En attente,petit_camion,156.28,7334ee7ff8765e16,f3438fe087ffc590,49.48716,1.09229
FR-369956,2025-07-21,2025-07-31,Kuehne+Nagel,Paris-CDG Hub,Toulouse,64.6,361.9,Retardé,avion,269.06,dc995e4ea96bebf0,2699354a31007c67,43.57205,1.50487
FR-247745,2025-07-25,2025-08-02,Kuehne+Nagel,Marseille Port Depot,Bayonne,191.6,10.0,Livré,avion,278.83,d0443b3d89fde63f,cbb09a23025e54b2,43.54305,-1.48343
FR-962147,2025-07-28,2025-08-01,GLS,Bordeaux Logistics Park,Orléans,2072.3,397.1,Livré,gros_camion,364.54,a7343d238975093d,a945ddd8b1479133,47.97589,1.82329
FR-472282,2025-07-23,2025-08-03,DHL,Bordeaux Logistics Park,Lille,2823.8,440.4,Retardé,gros_camion,436.68,588860b1c06a5a7a,07b694ebfcfa2cdb,50.65954,3.04814
FR-907015,2025-07-15,2025-07-21,DHL,Marseille Port Depot,Lyon,215.6,336.1,Livré,avion,409.31,d1d9c071e6672d29,6f39d5b9b4534386,45.77959,4.81326
FR-192268,2025-07-23,2025-07-26,Unknown,Lyon Distribution Center,Saint-Étienne,3382.7,40.0,Livré,train,256.58,77a37e0c1eabf2ac,7415378ff49361c4,45.44629,4.34226
FR-694821,2025-07-25,,Kuehne+Nagel,Lyon Distribution Center,Strasbourg,24.4,151.0,En attente,fourgonnette,17.03,b6a35244625ccc34,2afcd472dbecf568,48.6024,7.80265
FR-715937,2025-07-24,,FedEx,Bordeaux Logistics Park,Toulouse,42.6,1178.5,En transit,fourgonnette,21.31,232c9d11c882ea2c,75e93bc7b3982fb0,43.66719,1.36845
FR-241880,2025-07-28,,Unknown,Paris-CDG Hub,Lille,564.1,405.6,En transit,petit_camion,99.44,b8ed8df564cec2ef,ec2934c029181c17,50.60125,3.0743
FR-583455,2025-07-22,2025-08-04,Unknown,Paris-CDG Hub,Avignon,785.3,90.3,Livré,petit_camion,126.64,4f34261f7c38ba0c,068bc43b05f20549,44.02498,4.77483
FR-771553,2025-07-30,2025-08-02,FedEx,Bordeaux Logistics Park,Clermont-Ferrand,444.3,306.9,Livré,petit_camion,81.47,ae8ce543547ae3d4,07b8b0fb14b78732,45.7124,3.11235
FR-487988,2025-07-27,,DHL,Bordeaux Logistics Park,Paris,61.5,703.7,En transit,petit_camion,69.36,b1a521ada32f8bf9,b7beedef93d256b1,48.83733,2.37322
FR-960335,2025-07-06,2025-07-17,XPO Logistics,Paris-CDG Hub,Lyon,4.7,970.6,Livré,fourgonnette,20.57,5544f6afe2c2fa55,0266add36fb7bf4f,45.86227,4.86269
FR-818316,2025-07-08,2025-07-15,GLS,Lyon Distribution Center,Paris,210.8,332.3,Livré,petit_camion,73.47,4761f7fa3a69433b,e9d96b917623cc10,48.8276,2.36417
FR-585001,2025-07-18,2025-07-22,Chronopost,Bordeaux Logistics Park,Toulouse,2957.2,311.5,Livré,gros_camion,424.22,64be089ea6398de1,b33fab2b98ced2c7,43.64737,1.42476
FR-979140,2025-07-09,2025-07-14,DHL,Marseille Port Depot,Nantes,4512.7,181.8,Retardé,train,293.07,abbd60b0df7fec89,e27e802b4f4cdb9f,47.18388,-1.5534
FR-566755,2025-07-28,2025-07-31,GLS,Marseille Port Depot,Montpellier,743.0,143.1,Livré,petit_camion,126.1,1f5f2617ee232079,984c3bf6e38a92ef,43.57608,3.8932
FR-102187,2025-07-28,2025-08-04,Unknown,Lyon Distribution Center,Le Mans,4279.9,949.3,Livré,gros_camion,519.04,ac1dabffaec6f025,05ee677a5a9ba494,47.96917,0.145
FR-809676,2025-07-17,2025-07-19,FedEx,Marseille Port Depot,Saint-Étienne,308.9,502.9,Livré,petit_camion,115.97,2210da77fef00168,7e36e9264eae23ea,45.40623,4.33618
FR-431310,2025-07-22,2025-08-03,Unknown,Bordeaux Logistics Park,Colmar,361.8,520.4,Livré,petit_camion,111.26,c3c93bf263ad82fc,5552f7c75a7ce443,48.10591,7.25788
FR-825084,2025-07-16,2025-07-17,Kuehne+Nagel,Marseille Port Depot,Marseille,2951.6,146.0,Livré,gros_camion,369.7,fb9a24e0a82c372f,f22f8b2f0e43c98b,43.29421,5.33155
FR-136468,2025-07-11,2025-07-20,XPO Logistics,Bordeaux Logistics Park,Nice,398.8,1050.3,Retardé,petit_camion,116.0,46b06486d10dd744,478aec886fc3b319,43.69211,7.32277
FR-890666,2025-07-21,2025-07-29,DB Schenker,Paris-CDG Hub,Lille,1081.3,1054.0,Livré,gros_camion,354.56,964fb47ecc48fb44,8ae275c56b0a7af0,50.6195,3.02413
FR-626670,2025-07-20,,UPS,Paris-CDG Hub,Toulouse,35.5,455.6,En attente,fourgonnette,12.85,0a09e9b5dbb0d8ab,a7b1878fbc5c7d01,43.63464,1.47762
FR-345144,2025-07-04,2025-07-14,FedEx,Marseille Port Depot,Rouen,1552.4,808.7,Livré,train,271.17,2debffb0c60c520e,73cd18354dc5c7af,49.47516,1.02659
FR-670201,2025-07-04,,XPO Logistics,Marseille Port Depot,Bordeaux,9.7,723.7,En transit,fourgonnette,19.2,649f91ae50effe2e,7f1400f0823b1a79,44.89322,-0.54936
FR-307352,2025-07-15,,DHL,Lyon Distribution Center,Tours,164.0,990.3,En attente,avion,310.8,9f825829469aca3d,e4e4e75b5a692b51,47.43107,0.72562
FR-915495,2025-07-01,2025-07-07,Kuehne+Nagel,Paris-CDG Hub,Brest,792.3,803.5,Livré,train,207.67,7762a147989c85a8,c5de8aa8d04ce1b5,48.36694,-4.45387
FR-603551,2025-07-06,2025-07-18,Chronopost,Paris-CDG Hub,Auxerre,28.8,371.8,Retardé,fourgonnette,11.41,213616dfc61bfad5,ecc4ff190984eb7e,47.7073,3.60343
FR-463298,2025-07-22,2025-07-30,DB Schenker,Paris-CDG Hub,Reims,0.8,1126.7,Livré,fourgonnette,14.36,ddd94bb935d6fc90,b6660d9b548ddba4,49.24073,3.35757
FR-401994,2025-07-25,,XPO Logistics,Bordeaux Logistics Park,Bordeaux,2236.0,637.9,En transit,gros_camion,343.72,7334ee7ff8765e16,5ac601c35f8c60b9,44.87239,-0.49933
FR-849450,2025-07-29,2025-08-04,DB Schenker,Bordeaux Logistics Park,Avignon,158.3,74.7,Livré,avion,302.51,4e3a294f61cb834d,d9661442734a2203,43.98681,4.83546
FR-379143,2025-07-12,2025-07-13,GLS,Paris-CDG Hub,Paris,507.3,842.6,Livré,petit_camion,161.03,80c6e1b004c4d98c,fb40ae70418bbcdc,48.91581,2.36719
FR-945978,2025-07-21,2025-07-30,DHL,Paris-CDG Hub,Paris,3703.1,727.6,Livré,gros_camion,491.0,9f825829469aca3d,b160b33e2b859d85,48.84631,2.31487
FR-528395,2025-07-26,2025-07-28,FedEx,Bordeaux Logistics Park,Lyon,3788.4,640.6,Livré,train,362.16,964fb47ecc48fb44,ffd492c8a11e7376,45.73337,4.88829
FR-461309,2025-07-24,2025-08-05,DB Schenker,Lyon Distribution Center,Grenoble,2078.8,972.7,Retardé,train,232.27,c0fdb3ce997f47fa,f077f6bf32bb6a83,45.21716,5.63521
FR-764846,2025-07-15,2025-07-28,DB Schenker,Bordeaux Logistics Park,Avignon,1619.7,592.4,Livré,gros_camion,374.54,b4b018a4be786430,d9a58fd8e8a241e2,43.96797,4.77006
FR-868223,2025-07-30,2025-07-31,DB Schenker,Lyon Distribution Center,Strasbourg,145.2,592.7,Livré,avion,367.95,57305694cae2b1d0,89f677fe33b77dd5,48.53991,7.73205
FR-181972,2025-07-30,2025-08-12,XPO Logistics,Paris-CDG Hub,Amiens,144.6,674.9,Livré,avion,324.25,b4b018a4be786430,514a4d1bfe354262,49.95309,2.30541
FR-419165,2025-07-20,2025-07-25,Unknown,Lyon Distribution Center,Toulouse,504.9,1046.1,Livré,train,288.4,bebe00cf88981ebb,b7b86de696484066,43.50035,1.41497
FR-299737,2025-07-08,,XPO Logistics,Bordeaux Logistics Park,Toulouse,4100.4,712.0,En attente,gros_camion,426.68,184fcccb030ef7f7,cc2b9188816519bd,43.66328,1.42593
FR-917108,2025-07-30,2025-07-31,UPS,Paris-CDG Hub,Rennes,401.2,930.5,Livré,petit_camion,106.45,ae8ce543547ae3d4,b3c80d73bb012a12,48.07843,-1.64313
FR-556843,2025-07-01,2025-07-10,UPS,Bordeaux Logistics Park,Poitiers,3348.1,963.7,Livré,train,305.52,98c6fa9a1549ec58,334ead9e175290bc,46.57142,0.37383
FR-583236,2025-07-13,2025-07-21,UPS,Paris-CDG Hub,Toulouse,15.0,405.3,Livré,fourgonnette,10.45,64be089ea6398de1,39918f6cc99955c6,43.57426,1.39836
FR-178116,2025-07-19,2025-07-29,DB Schenker,Lyon Distribution Center,Vannes,5585.9,656.2,Retardé,train,327.25,2210da77fef00168,b5309ea00b72ad6e,47.70573,-2.78362
FR-899687,2025-07-24,2025-07-30,Chronopost,Bordeaux Logistics Park,Toulouse,2547.1,416.3,Livré,train,236.58,5bb1ecc8ac6edde3,7b555fb2dac86bdf,43.62803,1.52025
FR-207524,2025-07-03,,DB Schenker,Paris-CDG Hub,Toulouse,63.1,863.4,En attente,avion,381.23,60d3bd00a0e40db3,97bd511517a59b83,43.57328,1.42812
FR-366909,2025-07-03,,Kuehne+Nagel,Paris-CDG Hub,Brest,184.0,642.4,En transit,avion,335.05,ba12f74cff0e9464,e6e32a15399edc48,48.43597,-4.48081
FR-486350,2025-07-23,,Kuehne+Nagel,Paris-CDG Hub,Nice,20.8,677.1,En transit,fourgonnette,20.7,4d783fa3092cb304,5848ba70908f413f,43.67362,7.24958
FR-963428,2025-07-09,,DHL,Bordeaux Logistics Park,Paris,26.8,132.9,En transit,fourgonnette,8.6,cca89aaad52adbdd,755a64c2a973b5bd,48.83506,2.3449
FR-601323,2025-07-01,2025-07-06,GLS,Paris-CDG Hub,Toulouse,2308.7,990.0,Livré,gros_camion,485.0,b4b018a4be786430,509efb877ef3cca1,43.60874,1.41264
FR-608069,2025-07-17,2025-07-23,DHL,Bordeaux Logistics Park,Aix-en-Provence,96.8,556.4,Livré,avion,260.21,46b06486d10dd744,7ef8e0e49c278181,43.62153,5.37584
FR-248441,2025-07-20,2025-07-22,DB Schenker,Lyon Distribution Center,Nice,56.8,294.6,Livré,avion,241.99,577bd3cc79f49864,95ef173b1fd9a48b,43.76815,7.24519
FR-760673,2025-07-03,2025-07-14,UPS,Marseille Port Depot,Toulouse,7373.2,766.1,Livré,train,429.36,2210da77fef00168,0fa0b2949d04beac,43.6521,1.43744
FR-110589,2025-07-06,2025-07-18,DHL,Marseille Port Depot,Strasbourg,4345.7,586.0,Retardé,gros_camion,485.18,dabcb1d63f05e568,f81a9a276e67e67d,48.60031,7.79363
FR-645726,2025-07-04,2025-07-09,XPO Logistics,Bordeaux Logistics Park,Aix-en-Provence,350.2,942.1,Retardé,petit_camion,110.3,ddd94bb935d6fc90,f6803e3863b6ad11,43.41281,5.37906
FR-518632,2025-07-23,,GLS,Lyon Distribution Center,Lille,170.2,213.4,En transit,petit_camion,74.63,d23122a5cb6fdbb4,011168b7300f9810,50.68164,3.14007
FR-831234,2025-07-11,2025-07-17,Chronopost,Marseille Port Depot,Marseille,4691.1,509.4,Retardé,gros_camion,429.99,6ab1a44406435c4c,70f1bc5c640e5c3d,43.26193,5.42206
FR-987081,2025-07-12,2025-07-19,XPO Logistics,Paris-CDG Hub,Paris,35.6,333.1,Livré,fourgonnette,18.46,e99e31c1b5468d2d,e598b15785948865,48.8216,2.29883
FR-779222,2025-07-20,2025-07-26,DHL,Paris-CDG Hub,Nantes,1038.1,51.3,Livré,gros_camion,236.63,ba4df4a50d5ef322,7b5a9ac23aa81c82,47.15519,-1.60827
FR-328338,2025-07-19,2025-07-28,Kuehne+Nagel,Bordeaux Logistics Park,Nice,2467.4,196.0,Livré,gros_camion,354.1,50b6dd7a25a72160,aa948e3d9e73acba,43.70745,7.23871
FR-497891,2025-07-19,2025-07-22,Unknown,Lyon Distribution Center,Mulhouse,,923.9,Retardé,fourgonnette,17.26,0a09e9b5dbb0d8ab,682e43dfbabb5e56,47.8621,7.33645
FR-870974,2025-07-11,2025-07-18,Kuehne+Nagel,Lyon Distribution Center,Rennes,1865.1,570.4,Retardé,gros_camion,351.92,89b72f42de629ac1,2fdbb4bd73dbdb98,48.09464,-1.63306
FR-115216,2025-07-22,2025-07-24,XPO Logistics,Lyon Distribution Center,Lille,63.8,562.2,Retardé,petit_camion,105.74,737b27ae09a06d30,cb70373ffe52f946,50.61118,3.04359
FR-785338,2025-07-09,2025-07-19,Unknown,Paris-CDG Hub,Nantes,399.0,26.3,Livré,petit_camion,71.52,60d3bd00a0e40db3,9663fa83e72254f8,47.27813,-1.50756
FR-576545,2025-07-25,2025-08-06,FedEx,Lyon Distribution Center,Nice,18.3,117.0,Livré,avion,212.88,4937b40c2b9fb3af,a932e154a5723386,43.63059,7.30571
FR-631985,2025-07-06,2025-07-19,GLS,Lyon Distribution Center,Montpellier,29.9,29.3,Livré,fourgonnette,13.98,45466476afe9982a,00b103e6bac8a5cc,43.57279,3.89106
FR-870663,2025-07-27,2025-07-28,Kuehne+Nagel,Paris-CDG Hub,Bordeaux,7.8,119.6,Livré,fourgonnette,14.35,b1a521ada32f8bf9,22a53cd4c1da29c5,44.81561,-0.51945
FR-383460,2025-07-28,2025-08-04,DHL,Lyon Distribution Center,Marseille,41.6,1172.4,Livré,fourgonnette,17.65,867749e4b7692143,467164e03acb0a32,43.2684,5.42053
FR-597488,2025-07-02,2025-07-10,GLS,Paris-CDG Hub,Bordeaux,1462.4,698.4,Retourné,train,267.94,5544f6afe2c2fa55,55c6786c7118cca1,44.87178,-0.52436
FR-773243,2025-07-20,,XPO Logistics,Paris-CDG Hub,Toulouse,2999.0,345.9,En transit,gros_camion,351.61,dc995e4ea96bebf0,02814f6702b380d4,43.66372,1.55812
FR-438585,2025-07-10,,DHL,Paris-CDG Hub,Tours,2808.3,740.2,En attente,train,336.99,7762a147989c85a8,e92092cefcf19291,47.36814,0.793
FR-435513,2025-07-06,2025-07-09,Kuehne+Nagel,Lyon Distribution Center,Paris,781.4,1001.5,Livré,petit_camion,166.81,2bfcfe607c0a5f31,c15b73237ff708e1,48.74379,2.29328
FR-729974,2025-07-13,2025-07-24,GLS,Bordeaux Logistics Park,Bordeaux,,612.1,Livré,avion,229.33,6ab1a44406435c4c,0b5568e6ebe9e9d5,44.8532,-0.58072
FR-195790,2025-07-21,2025-07-31,FedEx,Marseille Port Depot,Nantes,765.9,190.2,Livré,petit_camion,128.95,ba4df4a50d5ef322,c7878e3e02d3beeb,47.20828,-1.54975
FR-960661,2025-07-26,,DB Schenker,Bordeaux Logistics Park,Lyon,64.3,361.6,En transit,avion,257.5,144818883fd1fd2e,efd0404fafeafeaa,45.74779,4.8824
FR-595919,2025-07-14,2025-07-23,DHL,Marseille Port Depot,Strasbourg,7368.4,438.2,Livré,train,338.99,98c6fa9a1549ec58,2235fa3db99d5b3f,48.63685,7.77383
FR-308785,2025-07-30,2025-08-09,DHL,Lyon Distribution Center,Saint-Étienne,17.4,1049.9,Livré,fourgonnette,9.15,89b72f42de629ac1,8d4978062ad1934a,45.44628,4.35772
FR-781707,2025-07-06,,Chronopost,Lyon Distribution Center,Toulouse,3148.3,961.7,En attente,train,323.47,867749e4b7692143,8ca362814166d0bf,43.63282,1.42481
FR-468863,2025-07-28,,UPS,Marseille Port Depot,Paris,191.2,632.8,En transit,avion,327.44,6b16b395ec3a9551,41984254099dab99,48.83074,2.32479
FR-636069,2025-07-12,2025-07-25,Kuehne+Nagel,Paris-CDG Hub,Bordeaux,1410.4,611.8,Retourné,gros_camion,277.66,4d783fa3092cb304,f77d2ca9ea25e872,44.86515,-0.57576
FR-560814,2025-07-07,2025-07-13,Unknown,Paris-CDG Hub,Rennes,297.8,711.2,Retardé,petit_camion,107.45,420ccf90b5c7ed29,31a7499268273e50,48.14956,-1.64055
FR-354371,2025-07-25,,GLS,Lyon Distribution Center,Dunkerque,4697.8,118.5,En attente,gros_camion,388.22,6e21cb30cd3271a9,35660890f8b1b630,51.01623,2.37359
FR-444877,2025-07-25,2025-08-04,UPS,Marseille Port Depot,Angers,60.0,125.4,Livré,avion,173.07,abbd60b0df7fec89,852f3b0dc5f44a50,47.46223,-0.49085
FR-955754,2025-07-19,2025-07-29,GLS,Marseille Port Depot,Angers,523.0,890.2,Livré,petit_camion,150.86,cca89aaad52adbdd,5e934577cf2c9da2,47.52532,-0.60926
FR-769211,2025-07-27,2025-07-28,FedEx,Paris-CDG Hub,Marseille,23.3,814.2,Retourné,fourgonnette,17.38,d0443b3d89fde63f,f50757ea752657ac,43.32193,5.45133
FR-653044,2025-07-25,2025-08-01,Kuehne+Nagel,Marseille Port Depot,Strasbourg,148.9,695.0,Livré,avion,287.77,184fcccb030ef7f7,a23d906f9b805086,48.56423,7.66861
FR-187980,2025-07-11,2025-07-14,XPO Logistics,Lyon Distribution Center,Strasbourg,31.5,665.1,Livré,fourgonnette,14.19,577bd3cc79f49864,77bf910e087f415f,48.62438,7.67825
FR-418488,2025-07-16,,DHL,Paris-CDG Hub,Marseille,6430.2,467.8,En attente,train,335.87,93141cbfc2990e76,6561baaba039ec0f,43.30006,5.30512
FR-449115,2025-07-24,2025-07-28,UPS,Bordeaux Logistics Park,Lille,,34.0,Livré,gros_camion,360.1,a9bc7e3c6079a06c,901e8db5b78b8f8e,50.63226,3.06104
FR-435468,2025-07-10,2025-07-18,DHL,Bordeaux Logistics Park,Marseille,11.4,174.4,Livré,fourgonnette,15.4,4dc658302b612f5c,66a29e3f6afae484,43.25616,5.28517
FR-290271,2025-07-07,,GLS,Paris-CDG Hub,Perpignan,163.9,401.0,En attente,petit_camion,60.7,2e49ed8efc869923,cfb3232e61e89dd9,42.66996,2.87227
FR-452580,2025-07-19,2025-07-22,GLS,Bordeaux Logistics Park,Brest,292.8,920.6,Livré,petit_camion,94.72,46b06486d10dd744,40e55e413a683b77,48.38925,-4.52253
FR-120039,2025-07-18,,Kuehne+Nagel,Paris-CDG Hub,Lille,218.0,944.2,En transit,avion,400.2,c0fdb3ce997f47fa,d3f8e873bf724116,50.60948,3.04971
FR-438250,2025-07-26,2025-07-28,DHL,Marseille Port Depot,Paris,47.6,401.3,Livré,fourgonnette,16.81,64be089ea6398de1,f458cef8a63acb8a,48.8767,2.3161
FR-566933,2025-07-04,2025-07-10,Chronopost,Bordeaux Logistics Park,Mulhouse,406.6,1020.4,Retourné,petit_camion,128.04,d23122a5cb6fdbb4,7d123a3c6aefcea5,47.87506,7.34914
FR-511012,2025-07-16,,GLS,Paris-CDG Hub,Metz,230.6,179.0,En attente,avion,309.41,57305694cae2b1d0,d47847ca7a92f557,49.10911,6.14658
FR-798614,2025-07-08,2025-07-21,UPS,Paris-CDG Hub,Le Havre,35.7,22.8,Livré,avion,205.37,4f34261f7c38ba0c,838fa56103fef995,49.54503,0.09999
FR-913820,2025-07-25,2025-08-05,XPO Logistics,Paris-CDG Hub,Lyon,496.5,504.0,Livré,petit_camion,117.34,50b6dd7a25a72160,de3287af093f8c26,45.68123,4.82142
FR-987457,2025-07-23,2025-07-24,DB Schenker,Marseille Port Depot,La Rochelle,579.2,376.2,Livré,petit_camion,109.58,1f5f2617ee232079,7105325aebe638d8,46.22294,-1.17351
FR-493444,2025-07-11,2025-07-12,GLS,Paris-CDG Hub,Mulhouse,2.1,646.6,Retardé,fourgonnette,7.25,e99e31c1b5468d2d,3b9b5331bf2c348d,47.76321,7.25462
FR-566995,2025-07-18,2025-07-28,GLS,Bordeaux Logistics Park,Paris,7655.3,155.0,Livré,train,274.69,232c9d11c882ea2c,ae3cc8ae07c39304,48.78964,2.36019
FR-726360,2025-07-23,2025-08-05,XPO Logistics,Lyon Distribution Center,Aix-en-Provence,16.8,137.1,Livré,fourgonnette,16.43,de6c9169a9ba75a9,0d0c537291ad1667,43.55292,5.41987
FR-705751,2025-07-23,2025-07-25,DHL,Paris-CDG Hub,Marseille,6984.9,151.2,Livré,train,276.31,89b72f42de629ac1,0ff9003d7f1891ac,43.29689,5.35352
FR-204127,2025-07-11,2025-07-18,FedEx,Lyon Distribution Center,Lille,2383.6,478.1,Retardé,gros_camion,371.47,97c134953eabb671,d3a325e08af455d4,50.70149,3.05812
FR-214003,2025-07-01,2025-07-11,FedEx,Paris-CDG Hub,Bordeaux,47.3,1141.5,Livré,avion,251.11,649f91ae50effe2e,0c3e8dfde9b9f000,44.8553,-0.61184
FR-310809,2025-07-01,,XPO Logistics,Paris-CDG Hub,Rennes,37.4,1126.3,En attente,avion,406.56,2210da77fef00168,40621e6617e41da2,48.10717,-1.70421
FR-732543,2025-07-06,,Unknown,Paris-CDG Hub,Tours,96.1,167.4,En transit,avion,202.83,ddd94bb935d6fc90,c8373cdbb90e6087,47.34484,0.75505
FR-292319,2025-07-14,2025-07-16,DHL,Paris-CDG Hub,Perpignan,562.9,40.2,Retardé,petit_camion,113.32,1f5f2617ee232079,c37537c025852a97,42.69944,2.82445
FR-219392,2025-07-17,,DHL,Bordeaux Logistics Park,Toulouse,307.1,142.7,En attente,petit_camion,91.32,77a37e0c1eabf2ac,ebcfc7696780cc71,43.61169,1.49401
FR-724913,2025-07-10,2025-07-23,DB Schenker,Paris-CDG Hub,Bordeaux,136.2,14.6,Livré,petit_camion,68.99,7762a147989c85a8,47413effcc9a67df,44.76246,-0.57941
FR-938489,2025-07-20,2025-07-30,GLS,Paris-CDG Hub,Nantes,48.4,1101.5,Livré,avion,328.87,1e3f6890d2ddffa6,8377b27cc8d32d5b,47.19875,-1.50352
FR-419348,2025-07-22,2025-07-26,GLS,Bordeaux Logistics Park,Orléans,88.4,488.2,Livré,petit_camion,90.06,c3c93bf263ad82fc,6851fdcd22645db5,47.9322,1.87246
FR-988921,2025-07-14,2025-07-23,Chronopost,Lyon Distribution Center,Toulouse,4485.2,481.0,Livré,train,311.39,1f5f2617ee232079,b7b18a050878a8c7,43.58738,1.36362
FR-827963,2025-07-16,2025-07-26,UPS,Marseille Port Depot,Toulouse,679.3,665.3,Livré,petit_camion,128.25,fb9a24e0a82c372f,a744b1b53b960f56,43.51168,1.48741
FR-449317,2025-07-13,2025-07-15,Chronopost,Lyon Distribution Center,Aix-en-Provence,99.0,573.4,Livré,avion,370.03,80c6e1b004c4d98c,d256698f197b8a17,43.51325,5.46537
FR-622820,2025-07-23,2025-07-26,FedEx,Paris-CDG Hub,Strasbourg,209.3,848.2,Livré,avion,519.61,fb9a24e0a82c372f,3bcb8addeb0bc470,48.63911,7.75868
FR-715362,2025-07-30,2025-08-11,FedEx,Lyon Distribution Center,Marseille,2394.9,744.5,Livré,gros_camion,470.38,b5eaeda6f050b47c,782a858f6cfff019,43.23278,5.38878
FR-480350,2025-07-25,2025-07-27,UPS,Lyon Distribution Center,Angers,201.5,231.1,Livré,avion,260.64,6a5796584ab1ac8a,5e883de83ad6d2f2,47.40265,-0.60325
FR-494485,2025-07-29,2025-08-08,XPO Logistics,Marseille Port Depot,Nice,1065.0,396.3,Livré,gros_camion,311.37,dcc4a7b2cb980dd1,69315e3ceccbc186,43.57498,7.23051
FR-858284,2025-07-08,2025-07-11,DB Schenker,Lyon Distribution Center,Lille,3982.7,345.5,Livré,gros_camion,400.04,4761f7fa3a69433b,d2ff945288b90152,50.56741,3.06602
FR-361578,2025-07-10,,Kuehne+Nagel,Paris-CDG Hub,Orléans,5573.0,368.1,En transit,train,272.17,50b6dd7a25a72160,239174dbdff8b6db,47.82184,1.89301
FR-535686,2025-07-08,2025-07-21,DHL,Bordeaux Logistics Park,Nice,80.2,20.4,Livré,avion,207.54,420ccf90b5c7ed29,17ea98bd8843d998,43.66474,7.27653
FR-803713,2025-07-13,,GLS,Marseille Port Depot,Lille,211.4,756.7,En attente,petit_camion,128.84,2210da77fef00168,73248cd558ef628b,50.62112,3.02606
FR-302123,2025-07-22,,GLS,Bordeaux Logistics Park,Bordeaux,2292.6,758.4,En attente,train,289.48,bcda6b0629bed55e,93ab31c6ee399e96,44.91574,-0.65572
FR-883566,2025-07-28,,Kuehne+Nagel,Lyon Distribution Center,Lille,176.0,432.2,En attente,petit_camion,81.58,64be089ea6398de1,ac5daa85e7f821af,50.68442,3.02722
FR-474842,2025-07-09,2025-07-11,DB Schenker,Bordeaux Logistics Park,Marseille,26.0,1029.6,Livré,fourgonnette,16.62,3275c62b4a30ee93,4adfa04bc7c17889,43.28897,5.38592
FR-493922,2025-07-22,2025-07-31,DB Schenker,Marseille Port Depot,Nantes,4622.9,506.4,Livré,train,351.19,c8796666bc9acaab,36a1abeeeb6553f8,47.21904,-1.52961
FR-823953,2025-07-05,,Chronopost,Paris-CDG Hub,Marseille,2733.9,938.3,En transit,train,296.53,2debffb0c60c520e,f23ff69a245df988,43.23004,5.36674
FR-745513,2025-07-10,2025-07-13,Kuehne+Nagel,Bordeaux Logistics Park,Lyon,261.4,229.3,Livré,petit_camion,64.3,2c7e84ab9c91b547,6add62ea5f2b3ca3,45.88145,4.7999
FR-130270,2025-07-19,,Chronopost,Bordeaux Logistics Park,Perpignan,198.2,1184.2,En transit,avion,408.45,a411faa4604af305,e1ca1cd64728c4b5,42.73734,2.90069
FR-445876,2025-07-18,2025-07-31,Kuehne+Nagel,Paris-CDG Hub,Auxerre,41.1,476.8,Livré,fourgonnette,14.28,d1d9c071e6672d29,6d44f9042aaaa9e2,47.78508,3.5445
FR-646774,2025-07-06,2025-07-07,XPO Logistics,Bordeaux Logistics Park,Paris,4738.1,818.8,Livré,gros_camion,558.89,ba12f74cff0e9464,508cf174ae156d7f,48.85815,2.33064
FR-801458,2025-07-17,,Kuehne+Nagel,Marseille Port Depot,Nice,712.0,125.4,En attente,petit_camion,100.39,588860b1c06a5a7a,cd77e676a63e7347,43.70638,7.25462
FR-151012,2025-07-18,,Chronopost,Paris-CDG Hub,Bordeaux,8.9,467.6,En attente,fourgonnette,11.0,964fb47ecc48fb44,4d14d75bfc3704fa,44.89146,-0.60654
FR-176208,2025-07-13,2025-07-24,FedEx,Marseille Port Depot,Nantes,35.5,788.7,Livré,fourgonnette,21.61,309f7e2638c05965,68866e8affa544cd,47.21381,-1.59799
FR-601754,2025-07-09,2025-07-12,DHL,Paris-CDG Hub,Toulouse,5675.9,1006.6,Livré,train,369.54,b3ede2357f536e0a,a35c15a2aafad782,43.58684,1.43197
FR-327544,2025-07-01,2025-07-13,UPS,Lyon Distribution Center,Clermont-Ferrand,,1170.1,Livré,gros_camion,436.05,ba12f74cff0e9464,73b91d9d1e03d112,45.77322,2.96732
FR-738449,2025-07-06,2025-07-08,Chronopost,Marseille Port Depot,Metz,2100.6,1126.0,Retardé,gros_camion,471.62,b6a35244625ccc34,c468653d1f12640a,49.14628,6.15812
FR-237815,2025-07-17,2025-07-22,UPS,Bordeaux Logistics Park,Toulouse,7.4,1040.8,Livré,fourgonnette,21.42,b6a35244625ccc34,6e10817f3dde16dc,43.53802,1.40361
FR-868460,2025-07-04,2025-07-15,FedEx,Paris-CDG Hub,Marseille,95.7,844.9,Retardé,petit_camion,61.31,d21c62bed959dcf6,525c489b8b0cbcb4,43.30953,5.38473
FR-425188,2025-07-20,,UPS,Bordeaux Logistics Park,Montpellier,4486.1,555.0,En attente,train,293.06,b4b018a4be786430,54d617cfdb4c8a03,43.62001,3.81271
FR-304354,2025-07-08,2025-07-15,Chronopost,Paris-CDG Hub,La Rochelle,2921.1,317.1,Livré,train,237.29,176085ab92f665ad,924f7c20c492f4f9,46.13015,-1.1352
FR-512289,2025-07-22,2025-08-03,DB Schenker,Bordeaux Logistics Park,Nice,2491.7,970.1,Livré,train,259.91,b3ede2357f536e0a,a3a2854b41912f41,43.73037,7.22341
FR-204672,2025-07-16,,DHL,Paris-CDG Hub,Nice,250.4,1093.7,En transit,petit_camion,115.45,b8ed8df564cec2ef,65274d125e696d3d,43.69574,7.18856
FR-307397,2025-07-05,2025-07-10,GLS,Paris-CDG Hub,Angers,,213.0,Retardé,avion,325.68,0b9d5daff036d6da,d04984121fbe4fc8,47.39143,-0.61582
FR-366186,2025-07-15,2025-07-18,DHL,Marseille Port Depot,Le Havre,22.2,57.5,Retourné,fourgonnette,10.01,4937b40c2b9fb3af,d03644089bfd07f5,49.53323,0.10509
FR-656107,2025-07-04,,GLS,Marseille Port Depot,Besançon,24.2,432.8,En attente,fourgonnette,15.86,75a44226210eb23d,c538d935769b98b7,47.2217,6.02954
FR-387667,2025-07-15,,GLS,Marseille Port Depot,Strasbourg,3617.2,987.3,En attente,gros_camion,476.7,a411faa4604af305,e4a1aa730a003710,48.56277,7.81105
FR-485007,2025-07-09,,UPS,Marseille Port Depot,Marseille,1920.8,487.4,En transit,train,290.03,964fb47ecc48fb44,c5a8ac7e20a588c9,43.20748,5.38685
FR-126572,2025-07-26,2025-08-06,UPS,Marseille Port Depot,Rouen,1664.7,429.5,Retardé,gros_camion,278.42,2e49ed8efc869923,7524da7ab73632c4,49.38588,1.12319
FR-558818,2025-07-06,2025-07-11,DHL,Paris-CDG Hub,Metz,5546.2,601.7,Livré,train,398.0,ae8ce543547ae3d4,3675696490f6691c,49.07704,6.20337
FR-271929,2025-07-13,2025-07-23,DHL,Bordeaux Logistics Park,Strasbourg,32.5,287.1,Livré,fourgonnette,9.37,144818883fd1fd2e,fbd58abed531f2a1,48.46492,7.69239
FR-414368,2025-07-28,2025-08-03,DHL,Bordeaux Logistics Park,Nice,2955.7,137.6,Livré,gros_camion,331.94,0915a7642195cf8a,4079a15f4eb790fe,43.67874,7.23729
FR-858673,2025-07-22,,Chronopost,Marseille Port Depot,Paris,10.7,552.1,En transit,avion,306.34,a7343d238975093d,8678f85ec477db04,48.89372,2.32032
FR-880498,2025-07-27,2025-07-31,Chronopost,Marseille Port Depot,Toulouse,2827.8,916.9,Retardé,train,364.87,649f91ae50effe2e,f270172cae1898d3,43.59968,1.44133
FR-524632,2025-07-29,2025-08-07,GLS,Marseille Port Depot,Dijon,170.5,366.5,Livré,avion,320.62,45466476afe9982a,c1e21fd782438dbc,47.40345,4.96111
FR-388172,2025-07-10,,Kuehne+Nagel,Bordeaux Logistics Park,Aix-en-Provence,67.0,798.8,En attente,avion,398.85,dcc4a7b2cb980dd1,7b351cde06fda7b7,43.50434,5.43839
FR-121058,2025-07-30,2025-08-02,Unknown,Bordeaux Logistics Park,Lille,306.7,1177.8,Livré,petit_camion,139.62,6e21cb30cd3271a9,9b9d87b623a8f180,50.64942,3.01169
FR-653006,2025-07-02,2025-07-07,Unknown,Bordeaux Logistics Park,Marseille,614.6,605.0,Livré,petit_camion,117.12,076d9a82acb00f0c,901da47b72c471c4,43.34472,5.38793
FR-782171,2025-07-26,2025-07-27,DHL,Paris-CDG Hub,Toulouse,2553.0,181.7,Retourné,gros_camion,285.23,93141cbfc2990e76,719399eae3f3ce72,43.65168,1.50635
FR-341535,2025-07-08,2025-07-16,Unknown,Paris-CDG Hub,Strasbourg,3952.3,898.2,Livré,gros_camion,467.54,b5eaeda6f050b47c,d72e57df78a4e421,48.54889,7.69885
FR-553572,2025-07-17,,GLS,Paris-CDG Hub,Nice,415.9,253.1,En transit,petit_camion,108.69,98c6fa9a1549ec58,8b9f897a5c8eac50,43.74552,7.24199
FR-165641,2025-07-24,,UPS,Paris-CDG Hub,Strasbourg,63.3,999.8,En transit,avion,311.17,c8796666bc9acaab,aa646306d356611c,48.55764,7.70505
FR-749868,2025-07-21,2025-07-28,UPS,Lyon Distribution Center,Nantes,233.5,1119.8,Livré,avion,403.83,2210da77fef00168,30a8a7330a204c28,47.17222,-1.54345
FR-334955,2025-07-05,2025-07-09,FedEx,Paris-CDG Hub,Grenoble,223.2,103.6,Livré,avion,298.25,64be089ea6398de1,a2d26fb428dc82e0,45.20839,5.77533
FR-145406,2025-07-10,2025-07-20,DB Schenker,Paris-CDG Hub,Bordeaux,3657.1,992.3,Livré,gros_camion,465.22,2210da77fef00168,a3eaa329dcb88153,44.85337,-0.62348
FR-995781,2025-07-23,2025-07-28,UPS,Marseille Port Depot,Nice,4129.1,1078.1,Retardé,train,420.71,77a37e0c1eabf2ac,e4f9cec616f0a95c,43.73852,7.23424
FR-477224,2025-07-21,2025-08-01,DB Schenker,Paris-CDG Hub,Nice,255.2,485.6,Livré,petit_camion,123.84,2debffb0c60c520e,9cb32fd5311932a2,43.72919,7.25537
FR-457395,2025-07-29,,Unknown,Paris-CDG Hub,Reims,2838.2,187.8,En transit,gros_camion,359.19,7334ee7ff8765e16,8f2d6c33ec5ec1fc,49.21876,3.2811
FR-207724,2025-07-25,2025-08-06,Kuehne+Nagel,Lyon Distribution Center,Strasbourg,149.4,660.8,Livré,petit_camion,95.17,60d3bd00a0e40db3,376eddc7b8c48451,48.60263,7.73359
FR-212113,2025-07-23,,DB Schenker,Lyon Distribution Center,Lyon,59.7,859.3,En transit,avion,381.53,4f34261f7c38ba0c,aa4d797a2de4a022,45.7434,4.74654
FR-711868,2025-07-23,2025-07-24,DHL,Bordeaux Logistics Park,Marseille,321.1,436.9,Livré,petit_camion,102.97,7334ee7ff8765e16,e0a4646621377021,43.27433,5.36175
FR-150248,2025-07-01,2025-07-02,Kuehne+Nagel,Marseille Port Depot,Toulon,132.4,673.4,Livré,avion,436.02,4dc658302b612f5c,6b8e3c4fde46f04c,43.16093,5.94646
FR-587947,2025-07-03,,Chronopost,Lyon Distribution Center,Lille,423.1,338.4,En transit,petit_camion,118.96,588860b1c06a5a7a,be5889af5d75d0e3,50.59543,3.11507
FR-723813,2025-07-13,,Chronopost,Bordeaux Logistics Park,Toulouse,2601.3,234.9,En transit,gros_camion,315.38,737b27ae09a06d30,6efb25990c478b2a,43.60157,1.45626
FR-731121,2025-07-14,,UPS,Paris-CDG Hub,Chartres,5964.8,638.4,En attente,train,315.95,577bd3cc79f49864,612ac3e468b4c8c5,48.41436,1.41654
FR-576785,2025-07-11,2025-07-15,GLS,Lyon Distribution Center,Nantes,1270.4,1020.9,Livré,gros_camion,383.81,4761f7fa3a69433b,9ea764f173b53519,47.22076,-1.61752
FR-493186,2025-07-09,2025-07-21,Chronopost,Paris-CDG Hub,Paris,5599.8,251.4,Livré,train,322.58,46b06486d10dd744,f537a9c6ac187f04,48.78834,2.31667
FR-878760,2025-07-25,,Kuehne+Nagel,Paris-CDG Hub,Paris,14.3,449.6,En transit,fourgonnette,8.95,d0443b3d89fde63f,6c1e5f71f85cf91d,48.8262,2.30148
FR-773616,2025-07-07,,Chronopost,Paris-CDG Hub,Paris,4.9,315.6,En attente,fourgonnette,7.14,7762a147989c85a8,b3b95ef99a4274d8,48.81398,2.37597
FR-755915,2025-07-12,,UPS,Marseille Port Depot,Nantes,2991.2,322.6,En attente,gros_camion,402.25,0a09e9b5dbb0d8ab,f3f212a662bc75d2,47.16519,-1.55409
FR-631930,2025-07-04,2025-07-06,UPS,Marseille Port Depot,Nice,1435.9,960.2,Livré,gros_camion,411.7,176085ab92f665ad,eca27e8c0650a63e,43.71264,7.1508
FR-330596,2025-07-03,2025-07-13,Unknown,Lyon Distribution Center,Marseille,5380.4,1041.5,Livré,train,451.67,ba4df4a50d5ef322,1f7909554e09cdd4,43.23669,5.35446
FR-330168,2025-07-20,2025-07-23,FedEx,Marseille Port Depot,Lille,1.4,486.4,Livré,fourgonnette,13.14,afdb5de261053424,39c223ab216b1700,50.62936,3.1188
FR-996618,2025-07-27,2025-08-07,DHL,Bordeaux Logistics Park,Grenoble,137.8,713.1,Retourné,avion,380.63,50b6dd7a25a72160,47d7ba0f8a8accae,45.18042,5.69402
FR-167359,2025-07-05,2025-07-14,UPS,Paris-CDG Hub,Lille,48.2,864.3,Livré,fourgonnette,24.83,2e49ed8efc869923,7f3af31a28579b4c,50.58223,3.11326
FR-219815,2025-07-07,,GLS,Marseille Port Depot,Nice,94.7,447.1,En transit,avion,288.41,1e3f6890d2ddffa6,1731039750bc4e63,43.65584,7.23392
FR-576857,2025-07-21,2025-07-29,Kuehne+Nagel,Bordeaux Logistics Park,Bordeaux,3195.7,107.0,Livré,train,193.05,420ccf90b5c7ed29,f92f84e4a49f9d1b,44.85343,-0.49008
FR-978809,2025-07-14,2025-07-15,Unknown,Marseille Port Depot,Strasbourg,2356.0,777.8,Livré,train,294.75,b8ed8df564cec2ef,2e6625fddeff6b85,48.65751,7.7156
FR-395103,2025-07-27,2025-08-07,XPO Logistics,Marseille Port Depot,Pau,3070.3,555.3,Livré,gros_camion,469.3,176085ab92f665ad,5d62f8d67c9a7c75,43.2858,-0.45077
FR-587707,2025-07-28,,UPS,Paris-CDG Hub,Brest,5115.9,239.3,En transit,train,294.42,184fcccb030ef7f7,13034d32011627e9,48.41707,-4.53186
FR-710278,2025-07-07,2025-07-20,FedEx,Lyon Distribution Center,Metz,,764.2,Livré,petit_camion,122.96,4d783fa3092cb304,d1d8ecf1e74f4aea,49.13419,6.28083
FR-781509,2025-07-21,,Unknown,Marseille Port Depot,Nantes,283.3,1064.2,En attente,petit_camion,141.77,ba4df4a50d5ef322,e117b50d3bf73442,47.26507,-1.64165
FR-743012,2025-07-18,2025-07-28,Kuehne+Nagel,Marseille Port Depot,Angers,4502.9,623.1,Retardé,gros_camion,534.56,a9bc7e3c6079a06c,8aa164811dec3efa,47.49754,-0.52875
FR-978087,2025-07-27,2025-08-03,FedEx,Paris-CDG Hub,Auxerre,97.7,666.5,Livré,petit_camion,107.55,6b16b395ec3a9551,31ee714581d4dfa7,47.8205,3.51094
FR-386629,2025-07-20,,Chronopost,Paris-CDG Hub,Dunkerque,40.7,75.9,En attente,fourgonnette,12.89,e05e06b51a7aca3c,8d94272da82c1617,51.10456,2.36473
FR-313678,2025-07-02,2025-07-10,UPS,Marseille Port Depot,Le Mans,31.7,438.1,Livré,fourgonnette,12.97,c0fdb3ce997f47fa,ca378c4de5132f00,48.08977,0.17013
FR-521001,2025-07-07,2025-07-08,DHL,Lyon Distribution Center,Marseille,158.9,633.9,Livré,petit_camion,119.9,98c6fa9a1549ec58,a6a2a944304f14be,43.30398,5.37469
FR-401033,2025-07-05,2025-07-06,Chronopost,Paris-CDG Hub,Toulon,59.0,1015.9,Livré,avion,368.66,144818883fd1fd2e,d5cf05ad56633a1c,43.12864,5.93958
FR-246836,2025-07-12,2025-07-18,UPS,Lyon Distribution Center,Nice,46.3,20.8,Retardé,fourgonnette,8.15,97c134953eabb671,141cf9f867d278db,43.72622,7.2662
FR-290043,2025-07-30,,DHL,Paris-CDG Hub,Strasbourg,3923.1,902.8,En attente,gros_camion,491.52,9f825829469aca3d,21091a6ca941551e,48.60484,7.73423
FR-945308,2025-07-25,,FedEx,Lyon Distribution Center,Bordeaux,1375.2,790.6,En transit,train,225.51,c8796666bc9acaab,a52cc44a468ae434,44.85992,-0.63266
FR-804237,2025-07-16,2025-07-28,UPS,Bordeaux Logistics Park,Strasbourg,47.1,890.1,Livré,fourgonnette,11.88,b3ede2357f536e0a,2ea8c0b67ae96b43,48.6012,7.72254
FR-738103,2025-07-03,,DB Schenker,Paris-CDG Hub,Lille,2390.0,1105.7,En transit,train,319.82,89b72f42de629ac1,58e1b3e0338d8117,50.63446,3.12671
FR-782346,2025-07-28,2025-08-09,Chronopost,Marseille Port Depot,Mulhouse,3342.9,77.9,Retourné,gros_camion,364.67,b3ede2357f536e0a,aaf2fd46bdde1247,47.72208,7.35264
FR-899458,2025-07-10,2025-07-14,Unknown,Marseille Port Depot,Tours,3921.8,531.4,Retardé,gros_camion,491.92,4f34261f7c38ba0c,7bb3b085954b16da,47.50576,0.64043
FR-505257,2025-07-28,2025-07-31,Chronopost,Marseille Port Depot,Perpignan,20.8,1079.3,Retardé,fourgonnette,23.1,144818883fd1fd2e,8ef66d943848c394,42.64041,2.86787
FR-862922,2025-07-26,2025-08-05,FedEx,Paris-CDG Hub,Nice,656.3,471.8,Livré,petit_camion,152.41,dcc4a7b2cb980dd1,e34b7cab986c9717,43.76481,7.2346
FR-190135,2025-07-28,,GLS,Bordeaux Logistics Park,Nice,982.4,320.6,En transit,gros_camion,321.25,b6a35244625ccc34,ead755dbbf0b1483,43.74069,7.15802
FR-496474,2025-07-10,2025-07-20,UPS,Paris-CDG Hub,Bordeaux,202.4,360.7,Livré,avion,362.51,176085ab92f665ad,6fdbf8f195e16439,44.85626,-0.55747
FR-768626,2025-07-04,,DHL,Bordeaux Logistics Park,Toulouse,,1029.9,En attente,gros_camion,548.26,fb9a24e0a82c372f,e3e0c091e0193edb,43.67468,1.46253
FR-632860,2025-07-01,2025-07-05,DB Schenker,Bordeaux Logistics Park,Nantes,5483.4,853.5,Retardé,train,324.52,4761f7fa3a69433b,4672203654ec3079,47.24715,-1.49374
FR-393257,2025-07-01,,GLS,Paris-CDG Hub,Nantes,135.6,626.8,En transit,petit_camion,94.93,4d783fa3092cb304,498a25abcd200fd6,47.18219,-1.55648
FR-184667,2025-07-06,2025-07-15,Unknown,Lyon Distribution Center,Toulouse,2006.4,618.5,Livré,gros_camion,407.08,b4b018a4be786430,3ac5950c947c92bc,43.59677,1.41985
FR-736438,2025-07-16,2025-07-17,DHL,Paris-CDG Hub,Nice,604.6,517.3,Livré,petit_camion,123.83,f057aa1333d44acb,9983d641af709a54,43.70463,7.33409
FR-401411,2025-07-22,2025-07-31,XPO Logistics,Marseille Port Depot,Toulon,4896.0,1159.3,Retourné,gros_camion,580.31,abbd60b0df7fec89,9ddc3b8e33d7f117,43.15853,5.92044
FR-319188,2025-07-12,,FedEx,Paris-CDG Hub,Nantes,33.7,353.7,En attente,fourgonnette,14.76,2e49ed8efc869923,200ae2205621edbe,47.15186,-1.6625
FR-172204,2025-07-25,2025-08-03,Chronopost,Paris-CDG Hub,Nantes,84.7,401.0,Livré,avion,232.37,b3ede2357f536e0a,3cfcda746718cea6,47.18293,-1.52137
FR-765442,2025-07-30,2025-08-05,Chronopost,Paris-CDG Hub,Marseille,3569.3,617.7,Livré,gros_camion,445.63,d21c62bed959dcf6,bb6e5705648cc687,43.30582,5.35791
FR-717752,2025-07-29,2025-08-06,DHL,Paris-CDG Hub,Reims,255.6,963.4,Retourné,petit_camion,107.31,ff07dd0896d16f31,213e97fbb930b5e8,49.21577,3.25235
FR-914746,2025-07-12,2025-07-24,GLS,Lyon Distribution Center,Orléans,5116.6,57.1,Livré,train,249.56,d23122a5cb6fdbb4,14ea5c27e14e63ad,47.89897,1.87702
FR-919444,2025-07-02,2025-07-15,Unknown,Bordeaux Logistics Park,Mulhouse,2.2,96.1,Retardé,avion,151.84,4761f7fa3a69433b,72e4a351961280a3,47.80077,7.33179
FR-402138,2025-07-21,2025-08-01,DB Schenker,Paris-CDG Hub,Lille,46.7,1046.1,Retardé,fourgonnette,17.6,98c6fa9a1549ec58,667393022d5e4109,50.72257,3.10775
FR-248395,2025-07-11,2025-07-20,Kuehne+Nagel,Marseille Port Depot,Marseille,10.1,648.6,Retardé,fourgonnette,19.67,144818883fd1fd2e,452a80bfce1df5d6,43.3461,5.35148
FR-651616,2025-07-22,2025-07-26,DB Schenker,Bordeaux Logistics Park,Strasbourg,2251.6,749.6,Livré,gros_camion,335.37,89b72f42de629ac1,be040fb428a57cb3,48.5361,7.71902
FR-169672,2025-07-07,2025-07-14,Kuehne+Nagel,Bordeaux Logistics Park,Amiens,18.1,899.7,Livré,fourgonnette,16.55,4f34261f7c38ba0c,7fe56e1725f06350,49.88608,2.42075
FR-920845,2025-07-04,2025-07-07,UPS,Lyon Distribution Center,Rennes,390.7,1037.5,Livré,petit_camion,163.29,9f825829469aca3d,217755971f99dd83,48.09818,-1.67757
FR-967838,2025-07-25,2025-07-26,GLS,Paris-CDG Hub,Marseille,44.0,637.4,Retardé,fourgonnette,21.76,2debffb0c60c520e,6b3ec22040fb347e,43.31641,5.35719
FR-937007,2025-07-15,2025-07-28,Unknown,Marseille Port Depot,Bordeaux,,1110.1,Livré,gros_camion,427.45,4d783fa3092cb304,14a1c26a6401c59c,44.84752,-0.52801
FR-462355,2025-07-15,2025-07-27,Kuehne+Nagel,Bordeaux Logistics Park,Rennes,31.1,378.7,Livré,fourgonnette,8.82,dc995e4ea96bebf0,8dad00b672d58f06,48.06208,-1.73624
FR-861262,2025-07-06,2025-07-14,Chronopost,Lyon Distribution Center,Auxerre,1603.1,382.2,Retourné,gros_camion,312.94,d23122a5cb6fdbb4,372a542f3e4ccae9,47.78571,3.56251
FR-122228,2025-07-20,,DHL,Bordeaux Logistics Park,Paris,143.4,1089.9,En attente,avion,315.81,c0fdb3ce997f47fa,0190c1c2e59a61d0,48.85469,2.31363
FR-692337,2025-07-07,2025-07-13,FedEx,Marseille Port Depot,Strasbourg,4654.6,245.0,Livré,gros_camion,487.83,d23122a5cb6fdbb4,ac8f9381abb0de6b,48.54459,7.75665
FR-621998,2025-07-24,2025-08-06,Kuehne+Nagel,Paris-CDG Hub,Lille,5.6,1155.2,Livré,fourgonnette,22.37,46b06486d10dd744,b90b00a3b1d3f87c,50.62913,3.11351
FR-888447,2025-07-27,2025-08-02,GLS,Bordeaux Logistics Park,Amiens,44.4,460.2,Retourné,fourgonnette,18.1,0b9d5daff036d6da,45772724ce50406d,49.89447,2.22177
FR-688843,2025-07-13,2025-07-17,UPS,Bordeaux Logistics Park,Poitiers,2395.7,607.3,Livré,gros_camion,399.35,a7343d238975093d,ae0f13d13a4e16d9,46.5877,0.34641
FR-934212,2025-07-19,,DB Schenker,Paris-CDG Hub,Bordeaux,4474.9,108.5,En attente,gros_camion,443.32,7334ee7ff8765e16,f760428ede9f0572,44.82725,-0.50801
FR-615631,2025-07-13,2025-07-22,DHL,Lyon Distribution Center,Dijon,585.0,662.9,Retourné,train,278.33,75a44226210eb23d,4910029345856a26,47.36012,4.94442
FR-833307,2025-07-10,2025-07-22,Unknown,Paris-CDG Hub,Tours,3965.5,1162.1,Retourné,gros_camion,611.19,b8ed8df564cec2ef,3f2492b189e72a29,47.38742,0.69198
FR-633660,2025-07-25,2025-07-31,Chronopost,Paris-CDG Hub,Paris,3825.6,538.9,Retardé,gros_camion,417.21,ccd16f4072984dcc,b722915e06ff80a3,48.84229,2.36054
FR-958099,2025-07-14,2025-07-19,Unknown,Lyon Distribution Center,Lyon,2606.7,1051.3,Livré,gros_camion,433.92,1e3f6890d2ddffa6,093bdc1e3bc82871,45.82917,4.84122
FR-891599,2025-07-08,,DHL,Lyon Distribution Center,Vannes,98.2,774.9,En attente,petit_camion,96.15,577bd3cc79f49864,34f504c00208fce4,47.61077,-2.74334
FR-301123,2025-07-29,,Kuehne+Nagel,Paris-CDG Hub,Metz,410.0,488.8,En transit,petit_camion,92.85,649f91ae50effe2e,3dd10bedad09a247,49.08281,6.27442
FR-744821,2025-07-12,,GLS,Paris-CDG Hub,Marseille,3578.7,291.2,En transit,gros_camion,347.04,6e21cb30cd3271a9,1832e05ffc85ad8b,43.33896,5.30607
FR-931599,2025-07-20,2025-07-27,DB Schenker,Paris-CDG Hub,Strasbourg,177.0,1129.4,Retardé,avion,399.93,6ab1a44406435c4c,b60f491d3b921876,48.59891,7.71963
FR-812345,2025-07-22,2025-07-30,DHL,Lyon Distribution Center,Nantes,2816.6,454.1,Retourné,gros_camion,382.83,4937b40c2b9fb3af,6c65af2eba32aa5b,47.09663,-1.51939
FR-576040,2025-07-19,2025-07-25,DB Schenker,Marseille Port Depot,Nice,2166.8,122.7,Livré,gros_camion,354.77,45466476afe9982a,1077f323a035d18d,43.69838,7.25602
FR-161562,2025-07-26,,UPS,Paris-CDG Hub,Rennes,4793.1,491.4,En transit,train,289.28,bebe00cf88981ebb,a4d36a893738cadb,48.01994,-1.72251
FR-929716,2025-07-05,2025-07-15,UPS,Paris-CDG Hub,Rouen,43.6,1198.7,Livré,fourgonnette,21.2,e05e06b51a7aca3c,95008562be37b462,49.46051,1.15379
FR-442059,2025-07-16,2025-07-17,Chronopost,Marseille Port Depot,Metz,268.6,410.0,Livré,petit_camion,84.79,2c7e84ab9c91b547,879751e2a6f1b4d2,49.01981,6.14196
FR-152635,2025-07-19,2025-08-01,DHL,Paris-CDG Hub,Nantes,239.5,1061.7,Retardé,avion,587.39,076d9a82acb00f0c,07814640f0a70a79,47.22278,-1.42823
FR-255260,2025-07-08,2025-07-10,FedEx,Paris-CDG Hub,Lille,1746.0,820.9,Livré,gros_camion,345.84,649f91ae50effe2e,a2ee16c30aa17d68,50.64189,3.01244
FR-478355,2025-07-10,2025-07-19,DHL,Paris-CDG Hub,Dijon,3153.5,877.1,Retardé,gros_camion,448.29,94f32f590e70c04a,7e737a9150f116d0,47.30451,5.03137
FR-940597,2025-07-11,2025-07-16,FedEx,Lyon Distribution Center,Brest,99.0,238.3,Retardé,avion,188.67,286f327fca2fc8f0,bce2f7e5e6130778,48.41694,-4.44319
FR-497751,2025-07-04,2025-07-09,Chronopost,Bordeaux Logistics Park,Marseille,59.0,692.6,Livré,avion,348.19,7334ee7ff8765e16,b64e0f2e4348cd0f,43.21538,5.31465
FR-699608,2025-07-06,2025-07-09,Kuehne+Nagel,Lyon Distribution Center,Rennes,609.7,19.9,Livré,petit_camion,92.27,ae8ce543547ae3d4,0a0ae83e69155958,48.17682,-1.62687
FR-636364,2025-07-08,2025-07-19,DHL,Paris-CDG Hub,Nantes,680.0,872.6,Retardé,petit_camion,186.24,abb3d464b81216db,4e15bd59791b633f,47.26534,-1.61476
FR-746004,2025-07-01,2025-07-10,FedEx,Marseille Port Depot,Aix-en-Provence,15.1,1067.0,Livré,fourgonnette,21.72,80c6e1b004c4d98c,629edd6293510e65,43.55835,5.39696
FR-206242,2025-07-03,2025-07-05,Unknown,Bordeaux Logistics Park,Nantes,1273.2,696.5,Livré,gros_camion,276.42,4761f7fa3a69433b,a8792fe0e3dd0015,47.26565,-1.54676
FR-612552,2025-07-02,2025-07-15,XPO Logistics,Paris-CDG Hub,Strasbourg,4126.4,825.7,Livré,train,367.95,f057aa1333d44acb,92747e3525443f4e,48.61441,7.79297
FR-941676,2025-07-29,,FedEx,Marseille Port Depot,Rennes,75.5,386.8,En transit,avion,293.56,7334ee7ff8765e16,6eae7394525eb15e,48.1765,-1.7124
FR-203021,2025-07-08,,DHL,Paris-CDG Hub,Vannes,67.5,1116.1,En attente,avion,259.21,b1a521ada32f8bf9,c4b8405bf100ed99,47.61412,-2.70544
FR-937056,2025-07-29,2025-08-01,DHL,Lyon Distribution Center,Nice,558.6,503.2,Retardé,petit_camion,138.57,ae8ce543547ae3d4,85563d873e213b7d,43.74714,7.32602
FR-480355,2025-07-07,2025-07-13,DHL,Paris-CDG Hub,Paris,75.1,446.4,Livré,petit_camion,63.21,867749e4b7692143,490c8f7df58921e0,48.84982,2.39082
FR-543697,2025-07-28,2025-08-03,GLS,Paris-CDG Hub,Marseille,35.5,560.6,Livré,fourgonnette,19.0,80c6e1b004c4d98c,dacf60d1212f678b,43.30815,5.3339
FR-769242,2025-07-19,,Unknown,Lyon Distribution Center,Marseille,23.4,723.3,En transit,fourgonnette,10.73,4937b40c2b9fb3af,c1557b46c109ea86,43.43192,5.41019
FR-962552,2025-07-29,2025-08-02,GLS,Bordeaux Logistics Park,Nice,35.8,794.7,Retourné,fourgonnette,18.22,076d9a82acb00f0c,63c98e6401b8c3f0,43.80363,7.26374
FR-783524,2025-07-26,2025-07-29,FedEx,Marseille Port Depot,Le Mans,130.0,552.0,Livré,avion,233.03,964fb47ecc48fb44,ab9afa781e2df5b9,48.00615,0.25874
FR-624154,2025-07-19,2025-07-23,UPS,Paris-CDG Hub,Bayonne,50.5,1124.9,Livré,petit_camion,72.57,98c6fa9a1549ec58,5d8f4cce56c05531,43.43246,-1.41818
FR-351227,2025-07-30,2025-08-02,Unknown,Bordeaux Logistics Park,Nantes,5.6,523.5,Livré,fourgonnette,9.56,bcda6b0629bed55e,eef69682a9189219,47.15267,-1.64223
FR-118402,2025-07-30,,Chronopost,Bordeaux Logistics Park,Nantes,3601.0,255.4,En attente,train,292.84,6ab1a44406435c4c,03d985fb4db30619,47.09525,-1.59368
FR-154796,2025-07-03,2025-07-16,Kuehne+Nagel,Marseille Port Depot,Strasbourg,4.4,370.8,Livré,avion,245.78,64be089ea6398de1,35853a0301a6a240,48.61325,7.76895
FR-468350,2025-07-16,2025-07-28,Unknown,Marseille Port Depot,Bordeaux,1952.9,421.5,Livré,train,211.69,ba4df4a50d5ef322,5c4804a2c8e8a6f7,44.88926,-0.65868
FR-385916,2025-07-18,2025-07-22,Unknown,Lyon Distribution Center,Nantes,2720.4,664.1,Livré,gros_camion,463.02,b4b018a4be786430,bacc160a19020422,47.21901,-1.61343
FR-648723,2025-07-13,2025-07-20,FedEx,Bordeaux Logistics Park,Nantes,221.3,696.7,Livré,avion,358.6,176085ab92f665ad,ac0fa50c0934d6f2,47.2632,-1.58351
FR-148591,2025-07-11,2025-07-14,GLS,Paris-CDG Hub,Rouen,233.6,819.9,Livré,petit_camion,83.39,2bfcfe607c0a5f31,a86a725d83506a69,49.38599,1.04327
FR-475665,2025-07-27,2025-07-28,Kuehne+Nagel,Lyon Distribution Center,Le Havre,244.4,54.4,Retardé,avion,321.93,46b06486d10dd744,f7aab8a9330f8c9e,49.59232,0.1498
FR-469552,2025-07-17,2025-07-29,GLS,Marseille Port Depot,Grenoble,4790.9,85.3,Livré,gros_camion,419.08,cca89aaad52adbdd,ce21daa4e8ae36d5,45.17038,5.76159
FR-956899,2025-07-29,2025-08-11,Unknown,Paris-CDG Hub,Perpignan,4.7,318.5,Livré,fourgonnette,6.29,c8796666bc9acaab,4df1766dd4f6693d,42.64279,2.92685
FR-360186,2025-07-27,2025-08-06,Chronopost,Paris-CDG Hub,Lille,35.1,827.4,Livré,avion,364.81,abbd60b0df7fec89,b3cf4b6cba42804d,50.58519,3.00632
FR-465208,2025-07-30,,DB Schenker,Bordeaux Logistics Park,Nice,6174.0,316.3,En transit,train,339.14,2e49ed8efc869923,8fc594eeb41c6784,43.58677,7.28974
FR-274981,2025-07-22,2025-08-01,UPS,Marseille Port Depot,Metz,4918.7,550.8,Retardé,train,348.04,f057aa1333d44acb,525e8244fa09dff1,49.09242,6.23185
FR-212105,2025-07-25,2025-07-30,GLS,Paris-CDG Hub,Lille,3040.6,72.8,Retourné,gros_camion,328.87,0a09e9b5dbb0d8ab,9d96c0ce2c886708,50.5981,3.09889
FR-316651,2025-07-27,2025-08-05,Unknown,Paris-CDG Hub,Bordeaux,5320.8,400.0,Livré,train,350.91,bebe00cf88981ebb,7a0b7f3e0a076ce2,44.83713,-0.59634
FR-739120,2025-07-20,2025-07-31,DHL,Paris-CDG Hub,Angers,83.5,346.2,Livré,avion,273.77,ba12f74cff0e9464,df717d15e885121d,47.46545,-0.57259
FR-455887,2025-07-19,2025-07-25,UPS,Lyon Distribution Center,Toulouse,111.4,707.2,Livré,avion,424.02,64be089ea6398de1,ef00f844e46fafbe,43.66756,1.46105
FR-871469,2025-07-25,,FedEx,Paris-CDG Hub,Nantes,6067.3,926.8,En attente,train,397.03,867749e4b7692143,c01e66eb1ee7b4d9,47.17514,-1.49807
FR-309304,2025-07-16,,Kuehne+Nagel,Marseille Port Depot,Montpellier,303.6,138.3,En attente,petit_camion,76.01,dc995e4ea96bebf0,d91b35a49b69552a,43.55749,4.00867
FR-354084,2025-07-27,,XPO Logistics,Paris-CDG Hub,Paris,581.5,146.2,En transit,petit_camion,102.23,6e21cb30cd3271a9,89a176720d8e7d40,48.82907,2.37768
FR-929347,2025-07-06,,Kuehne+Nagel,Paris-CDG Hub,Lyon,410.7,457.8,En transit,petit_camion,103.47,97c134953eabb671,d51319927a9a9540,45.7078,4.86386
FR-832790,2025-07-28,2025-08-05,DHL,Paris-CDG Hub,Marseille,701.2,360.7,Livré,petit_camion,107.62,dabcb1d63f05e568,001210daf86eb48b,43.26599,5.31526
FR-935358,2025-07-28,2025-08-02,DB Schenker,Paris-CDG Hub,Bordeaux,73.1,696.9,Livré,avion,207.32,b4b018a4be786430,944d47bd8ab9faaa,44.90826,-0.60357
FR-380064,2025-07-25,2025-07-29,FedEx,Bordeaux Logistics Park,La Rochelle,139.9,461.6,Retourné,avion,319.91,2210da77fef00168,aa45ca02d026ae58,46.1481,-1.13636
FR-489666,2025-07-15,2025-07-24,UPS,Marseille Port Depot,Nantes,2022.5,547.7,Livré,train,280.43,ff07dd0896d16f31,83dcc8ff5d043d49,47.28075,-1.5102
FR-110638,2025-07-05,2025-07-10,DHL,Paris-CDG Hub,Toulon,6522.5,862.2,Livré,train,359.03,ae8ce543547ae3d4,b20b91ece65aaae5,43.11277,5.91813
FR-745687,2025-07-30,2025-08-11,GLS,Paris-CDG Hub,Paris,3238.2,737.7,Livré,train,320.81,867749e4b7692143,07fd23985b984ad1,48.8861,2.47922
FR-624324,2025-07-29,2025-08-01,UPS,Marseille Port Depot,Paris,65.2,580.5,Retardé,petit_camion,81.71,93141cbfc2990e76,779ece2c27a390d6,48.83077,2.30104
FR-124918,2025-07-10,2025-07-23,Unknown,Paris-CDG Hub,Calais,2740.0,1041.7,Livré,train,349.0,57305694cae2b1d0,4b01b1a3266a3c4c,50.91554,1.85387
FR-573818,2025-07-16,2025-07-17,GLS,Marseille Port Depot,Paris,3515.8,997.7,Livré,gros_camion,443.0,d23122a5cb6fdbb4,21090e45e99563dd,48.86929,2.26255
FR-481784,2025-07-25,2025-07-29,GLS,Marseille Port Depot,Rennes,6227.1,542.3,Retardé,train,385.83,6dd72298f13e566b,d3184fea2a5ddf54,48.15785,-1.56327
FR-360705,2025-07-10,2025-07-13,FedEx,Bordeaux Logistics Park,Bordeaux,43.5,798.9,Livré,avion,355.43,a411faa4604af305,9f6c3ad8d0393056,44.87189,-0.53107
FR-983706,2025-07-29,2025-08-03,Kuehne+Nagel,Marseille Port Depot,Bayonne,211.7,434.1,Retardé,avion,428.27,076d9a82acb00f0c,afefa1f3426496ab,43.49351,-1.47986
FR-364491,2025-07-15,2025-07-27,Unknown,Lyon Distribution Center,Perpignan,38.2,188.3,Livré,fourgonnette,13.82,75a44226210eb23d,284c5bc28bcd8a20,42.55346,2.89007
FR-420739,2025-07-27,2025-08-07,Kuehne+Nagel,Bordeaux Logistics Park,Nice,1554.6,830.0,Livré,gros_camion,380.2,3714a4bb9c0df2e3,515aef777a8b4493,43.72753,7.22774
FR-495252,2025-07-07,2025-07-20,Chronopost,Bordeaux Logistics Park,Nantes,5904.4,921.3,Livré,train,331.91,4539984fb9bfe688,3abd8bba46d7754a,47.21363,-1.60918
FR-276282,2025-07-01,2025-07-09,Kuehne+Nagel,Paris-CDG Hub,Marseille,701.8,669.4,Livré,petit_camion,158.21,75a44226210eb23d,abe7883983af209f,43.33523,5.37876
FR-280786,2025-07-18,2025-07-28,FedEx,Lyon Distribution Center,Marseille,,1108.7,Retardé,avion,484.95,b5eaeda6f050b47c,01195a57875f2c1e,43.35732,5.25017
FR-191080,2025-07-27,2025-08-01,UPS,Bordeaux Logistics Park,Limoges,98.1,493.9,Livré,avion,306.01,be6b5843204f29e6,ec6e667291f2aad5,45.88556,1.2876
FR-967415,2025-07-11,2025-07-17,GLS,Lyon Distribution Center,Toulon,1366.4,1163.5,Livré,train,353.19,89b72f42de629ac1,d21ea84d50fd99c6,43.13156,5.89398
FR-476924,2025-07-09,2025-07-18,Kuehne+Nagel,Bordeaux Logistics Park,Caen,15.0,104.2,Livré,fourgonnette,11.18,4539984fb9bfe688,402d60a733d6f974,49.13884,-0.4304
FR-169000,2025-07-20,2025-07-23,DHL,Bordeaux Logistics Park,Lyon,653.5,174.1,Livré,petit_camion,132.84,588860b1c06a5a7a,6ab380cff314e390,45.78609,4.80258
FR-873164,2025-07-27,2025-08-01,DHL,Bordeaux Logistics Park,Bordeaux,541.5,507.9,Livré,petit_camion,138.51,6b16b395ec3a9551,b427fd9de49aab23,44.78296,-0.5381
FR-305459,2025-07-09,2025-07-14,DHL,Paris-CDG Hub,Lyon,6192.7,618.7,Livré,train,377.43,420ccf90b5c7ed29,a19e5a85099eb342,45.68779,4.87141
FR-159622,2025-07-08,2025-07-18,XPO Logistics,Paris-CDG Hub,Nice,73.0,972.7,Livré,avion,392.18,ba12f74cff0e9464,9ba45f696ecd4d3c,43.70016,7.41109
FR-978383,2025-07-07,2025-07-19,Kuehne+Nagel,Paris-CDG Hub,Quimper,,452.0,Retardé,train,297.27,57305694cae2b1d0,d8e77c4808f202d2,48.02005,-4.15125
FR-125938,2025-07-29,2025-08-09,Unknown,Paris-CDG Hub,Paris,4496.2,1034.2,Retourné,train,393.56,6dcb5f2757af7881,fe655145c5767c14,48.83348,2.37277
FR-870644,2025-07-07,2025-07-08,FedEx,Bordeaux Logistics Park,Nantes,512.3,457.9,Retardé,train,205.63,588860b1c06a5a7a,d62a6bbe6d9e40ed,47.25318,-1.40939
FR-427252,2025-07-18,2025-07-31,FedEx,Bordeaux Logistics Park,Tours,6640.3,727.8,Livré,train,363.52,b8ed8df564cec2ef,4ab55b177a2da167,47.32224,0.62369
FR-162780,2025-07-29,2025-07-31,DHL,Paris-CDG Hub,Bordeaux,133.4,650.0,Retourné,avion,293.83,232c9d11c882ea2c,e6341b42d9c6acb8,44.81589,-0.60611
FR-620616,2025-07-17,2025-07-24,DHL,Paris-CDG Hub,Strasbourg,2007.3,791.5,Livré,gros_camion,456.61,176085ab92f665ad,b747efefe4963a45,48.55335,7.84563
FR-451136,2025-07-05,,Kuehne+Nagel,Paris-CDG Hub,Bordeaux,2196.2,385.5,En transit,gros_camion,296.41,dabcb1d63f05e568,d65032392765c613,44.8471,-0.52617
FR-705409,2025-07-24,2025-08-01,FedEx,Paris-CDG Hub,Lyon,1321.0,1074.4,Livré,train,346.74,309f7e2638c05965,325b01a225edd752,45.83019,4.77911
FR-155479,2025-07-23,2025-07-28,Unknown,Paris-CDG Hub,Amiens,215.3,16.5,Livré,avion,236.39,ba12f74cff0e9464,912861ebf200b143,49.92275,2.31847
FR-618490,2025-07-06,,Chronopost,Bordeaux Logistics Park,Toulon,2955.3,165.3,En transit,gros_camion,338.07,a9bc7e3c6079a06c,26dffce9e5848534,43.0322,5.92639
FR-154225,2025-07-02,,DB Schenker,Marseille Port Depot,Metz,13.3,1055.7,En attente,fourgonnette,11.66,2e49ed8efc869923,7f2811650f654263,49.15219,6.17222
FR-969559,2025-07-17,,DHL,Bordeaux Logistics Park,Ajaccio,16.8,709.5,En transit,fourgonnette,19.39,ba12f74cff0e9464,2b005cb10628b26b,41.99093,8.72271
FR-896657,2025-07-21,2025-08-03,FedEx,Lyon Distribution Center,Vannes,3578.9,1174.6,Retardé,gros_camion,524.74,abbd60b0df7fec89,5c5918d2e90c999c,47.63345,-2.75693
FR-703291,2025-07-12,2025-07-19,UPS,Bordeaux Logistics Park,Paris,,455.7,Retardé,train,282.34,6dcb5f2757af7881,c926a8a026383e7c,48.80838,2.33069
FR-910421,2025-07-26,,UPS,Marseille Port Depot,Clermont-Ferrand,106.4,110.6,En transit,avion,268.96,57305694cae2b1d0,21b45d8da979e8cc,45.79929,3.08707
FR-789608,2025-07-24,2025-08-03,DHL,Bordeaux Logistics Park,Quimper,240.6,1082.8,Retardé,avion,439.17,ac1dabffaec6f025,f7251e80e85f9789,48.04308,-4.04108
FR-631885,2025-07-22,2025-08-01,Kuehne+Nagel,Paris-CDG Hub,Lille,115.2,354.2,Livré,avion,357.99,dabcb1d63f05e568,7c9e58b2f26ee3dd,50.62992,3.06511
FR-975584,2025-07-15,2025-07-19,UPS,Marseille Port Depot,Valence,6964.1,681.5,Livré,train,375.83,75a44226210eb23d,196e5da1bdee4b57,44.87812,4.93575
FR-897124,2025-07-06,2025-07-14,DHL,Marseille Port Depot,Lyon,4254.0,77.8,Livré,gros_camion,376.1,d1d9c071e6672d29,228d2af9eaf36a57,45.82047,4.86978
FR-911527,2025-07-05,2025-07-17,XPO Logistics,Lyon Distribution Center,Lyon,3583.7,1046.1,Livré,gros_camion,562.4,213616dfc61bfad5,d7ace717e5d5fba1,45.73145,4.804
FR-117413,2025-07-19,2025-07-25,UPS,Marseille Port Depot,Toulon,308.6,559.6,Livré,petit_camion,100.26,a411faa4604af305,151f6be49dc0a641,43.08585,6.00188
FR-994287,2025-07-24,,UPS,Marseille Port Depot,Lyon,201.0,523.8,En transit,avion,427.12,232c9d11c882ea2c,dc2aba9500e3007c,45.79312,4.86151
FR-441396,2025-07-06,2025-07-18,Unknown,Paris-CDG Hub,Lyon,3699.7,56.8,Livré,gros_camion,388.66,d1d9c071e6672d29,67a95c2abfb577ab,45.77308,4.79694
FR-973272,2025-07-20,2025-07-30,UPS,Bordeaux Logistics Park,Le Havre,3222.6,151.9,Retardé,gros_camion,304.01,232c9d11c882ea2c,7efd944b87854283,49.55328,0.09727
FR-747122,2025-07-21,2025-07-25,DHL,Paris-CDG Hub,Lyon,3388.3,538.2,Livré,gros_camion,386.23,9f825829469aca3d,ed1d59158425cce5,45.74895,4.80413
FR-968173,2025-07-04,2025-07-11,DB Schenker,Paris-CDG Hub,Saint-Étienne,130.4,614.7,Livré,petit_camion,102.66,964fb47ecc48fb44,52e12634f25eb0d6,45.44281,4.34658
